Ad Date,Clicks,Country,Ad ID,Campaign Category,Impressions,Conversions,Click-Through Rate,Conversion Time,Campaign Details
2023-01-01,8613,UK,189447,Influencer,88528,57,0.166,00:00:00,Limited Offer
2023-01-02,9519,USA,317348,Search,75781,176,0.073,01:00:00,Holiday Sale
2023-01-03,1552,Canada,206065,Display,13444,78,0.199,02:00:00,Limited Offer
2023-01-04,6140,Germany,912740,Influencer,91764,134,0.092,03:00:00,Holiday Sale
2023-01-05,5528,Australia,551078,Social Media,69006,232,0.033,04:00:00,Discount Campaign
2023-01-06,2010,UK,129744,Influencer,37579,465,0.171,05:00:00,New Product Launch
2023-01-07,1833,Australia,980471,Video,68708,398,0.188,06:00:00,Limited Offer
2023-01-08,469,Canada,942235,Video,81869,117,0.082,07:00:00,Limited Offer
2023-01-09,2747,Australia,468869,Email,55530,215,0.127,08:00:00,Limited Offer
2023-01-10,1850,Australia,843586,Display,70775,361,0.15,09:00:00,Discount Campaign
2023-01-11,6747,Japan,132844,Influencer,85420,173,0.127,10:00:00,Brand Awareness
2023-01-12,9104,Germany,294521,Email,29130,102,0.173,11:00:00,New Product Launch
2023-01-13,5344,Germany,577127,Social Media,38072,499,0.071,12:00:00,Brand Awareness
2023-01-14,7565,Australia,795512,Display,30140,22,0.039,13:00:00,New Product Launch
2023-01-15,4083,France,740523,Influencer,39742,276,0.153,14:00:00,Limited Offer
2023-01-16,3195,Canada,615284,Influencer,91931,42,0.016,15:00:00,New Product Launch
2023-01-17,2370,UK,864512,Influencer,20791,464,0.122,16:00:00,Brand Awareness
2023-01-18,8704,France,129371,Email,66078,89,0.17,17:00:00,Limited Offer
2023-01-19,7504,Canada,694546,Display,77033,131,0.089,18:00:00,Brand Awareness
2023-01-20,5217,Germany,816667,Search,38404,314,0.118,19:00:00,New Product Launch
2023-01-21,4284,Japan,262747,Influencer,97086,402,0.041,20:00:00,Holiday Sale
2023-01-22,4548,France,875493,Influencer,97067,442,0.04,21:00:00,Holiday Sale
2023-01-23,6385,Japan,444028,Video,49637,321,0.045,22:00:00,Holiday Sale
2023-01-24,5887,France,115972,Search,25430,214,0.036,23:00:00,New Product Launch
2023-01-25,2575,Germany,905921,Video,85078,496,0.133,00:00:00,Brand Awareness
2023-01-26,7089,UK,104431,Email,20992,130,0.152,01:00:00,Holiday Sale
2023-01-27,1202,UK,290996,Display,83137,495,0.06,02:00:00,New Product Launch
2023-01-28,8353,USA,275100,Social Media,11029,323,0.117,03:00:00,Discount Campaign
2023-01-29,3032,USA,623316,Email,52154,77,0.084,04:00:00,Holiday Sale
2023-01-30,4195,Canada,761748,Video,52292,108,0.08,05:00:00,Discount Campaign
2023-01-31,3787,Canada,966614,Video,40955,82,0.046,06:00:00,Limited Offer
2023-02-01,8400,France,872712,Email,51391,468,0.025,07:00:00,Brand Awareness
2023-02-02,3404,Germany,528521,Video,19397,179,0.11,08:00:00,Holiday Sale
2023-02-03,3671,Canada,705905,Search,9471,28,0.143,09:00:00,Holiday Sale
2023-02-04,2112,UK,291511,Social Media,74209,306,0.16,10:00:00,Discount Campaign
2023-02-05,8495,Australia,583337,Social Media,57825,283,0.172,11:00:00,New Product Launch
2023-02-06,9557,Germany,693313,Search,16354,457,0.177,12:00:00,Holiday Sale
2023-02-07,2003,Australia,237410,Video,22958,145,0.039,13:00:00,Limited Offer
2023-02-08,4084,France,198100,Influencer,93696,398,0.13,14:00:00,New Product Launch
2023-02-09,8958,Germany,852772,Search,44381,380,0.145,15:00:00,Limited Offer
2023-02-10,4139,Japan,944118,Search,90241,432,0.195,16:00:00,Holiday Sale
2023-02-11,3360,Germany,559356,Influencer,73493,342,0.111,17:00:00,Discount Campaign
2023-02-12,439,Australia,880153,Search,95281,58,0.014,18:00:00,Holiday Sale
2023-02-13,8956,Australia,164080,Display,99439,23,0.188,19:00:00,Discount Campaign
2023-02-14,7354,USA,158023,Display,60175,460,0.067,20:00:00,Discount Campaign
2023-02-15,9077,France,857132,Search,61127,27,0.182,21:00:00,Discount Campaign
2023-02-16,8152,Japan,691889,Influencer,62347,469,0.164,22:00:00,Limited Offer
2023-02-17,2768,Canada,692822,Influencer,2514,292,0.187,23:00:00,Holiday Sale
2023-02-18,7876,USA,999824,Display,46276,271,0.191,00:00:00,Discount Campaign
2023-02-19,2984,USA,165086,Email,21795,142,0.109,01:00:00,Limited Offer
2023-02-20,9773,USA,974822,Video,51056,172,0.014,02:00:00,Brand Awareness
2023-02-21,6214,Germany,964635,Social Media,72052,372,0.076,03:00:00,Discount Campaign
2023-02-22,7879,France,827920,Influencer,68843,220,0.147,04:00:00,Discount Campaign
2023-02-23,9188,Germany,836139,Email,16585,5,0.133,05:00:00,Holiday Sale
2023-02-24,7643,Canada,527161,Influencer,42635,359,0.129,06:00:00,New Product Launch
2023-02-25,9224,USA,342761,Influencer,12022,222,0.144,07:00:00,New Product Launch
2023-02-26,7906,USA,790129,Email,46676,426,0.096,08:00:00,Brand Awareness
2023-02-27,6890,France,286851,Display,18804,292,0.037,09:00:00,Discount Campaign
2023-02-28,6825,Japan,712285,Search,27446,20,0.12,10:00:00,Holiday Sale
2023-03-01,5145,Japan,492853,Display,30692,2,0.157,11:00:00,Limited Offer
2023-03-02,3381,UK,218739,Video,63970,277,0.175,12:00:00,Brand Awareness
2023-03-03,9313,Australia,955069,Email,40117,106,0.054,13:00:00,Holiday Sale
2023-03-04,7403,Germany,957089,Video,79607,89,0.157,14:00:00,Limited Offer
2023-03-05,9090,USA,206964,Search,96238,49,0.142,15:00:00,New Product Launch
2023-03-06,808,Germany,511965,Email,51752,28,0.052,16:00:00,Limited Offer
2023-03-07,1601,UK,354626,Influencer,19832,321,0.103,17:00:00,Brand Awareness
2023-03-08,9317,France,227935,Search,94152,299,0.169,18:00:00,Brand Awareness
2023-03-09,1389,France,635152,Influencer,78235,468,0.049,19:00:00,Discount Campaign
2023-03-10,4996,UK,505410,Influencer,34136,409,0.066,20:00:00,Brand Awareness
2023-03-11,5186,USA,206167,Email,97295,17,0.079,21:00:00,Brand Awareness
2023-03-12,6535,Canada,503384,Display,35554,45,0.026,22:00:00,New Product Launch
2023-03-13,7296,Germany,327974,Email,8058,352,0.182,23:00:00,New Product Launch
2023-03-14,6203,Germany,684168,Video,53763,261,0.131,00:00:00,New Product Launch
2023-03-15,682,Germany,640458,Search,15438,281,0.11,01:00:00,New Product Launch
2023-03-16,1214,Germany,147017,Email,78950,293,0.132,02:00:00,Brand Awareness
2023-03-17,1908,Germany,421312,Email,72346,61,0.108,03:00:00,Holiday Sale
2023-03-18,342,UK,386823,Social Media,88780,218,0.017,04:00:00,Holiday Sale
2023-03-19,7192,USA,351104,Influencer,87314,181,0.057,05:00:00,Limited Offer
2023-03-20,9727,Canada,145494,Search,44089,142,0.018,06:00:00,Discount Campaign
2023-03-21,6477,Canada,925325,Social Media,25617,168,0.137,07:00:00,Discount Campaign
2023-03-22,5673,Australia,125556,Display,82212,266,0.085,08:00:00,New Product Launch
2023-03-23,7524,Germany,250039,Influencer,86410,346,0.181,09:00:00,New Product Launch
2023-03-24,7318,Germany,388701,Search,14513,409,0.106,10:00:00,Limited Offer
2023-03-25,1630,Germany,739402,Email,50307,212,0.028,11:00:00,New Product Launch
2023-03-26,8490,Canada,493117,Influencer,74985,29,0.095,12:00:00,Limited Offer
2023-03-27,2348,Canada,304941,Email,73362,380,0.175,13:00:00,Brand Awareness
2023-03-28,8561,UK,608452,Video,2535,326,0.155,14:00:00,New Product Launch
2023-03-29,1826,Japan,479065,Video,14597,121,0.064,15:00:00,New Product Launch
2023-03-30,3713,Germany,445642,Social Media,71932,97,0.034,16:00:00,Brand Awareness
2023-03-31,7617,Australia,164413,Social Media,7676,3,0.102,17:00:00,Brand Awareness
2023-04-01,482,USA,437469,Search,45580,412,0.121,18:00:00,Discount Campaign
2023-04-02,8401,Australia,160317,Influencer,23131,291,0.14,19:00:00,Brand Awareness
2023-04-03,4019,Germany,233369,Search,14845,282,0.105,20:00:00,Holiday Sale
2023-04-04,2641,France,502793,Social Media,32250,195,0.089,21:00:00,Limited Offer
2023-04-05,723,USA,527964,Search,86640,493,0.137,22:00:00,New Product Launch
2023-04-06,6156,France,409526,Video,63289,493,0.03,23:00:00,Brand Awareness
2023-04-07,3953,Japan,278996,Social Media,97168,50,0.122,00:00:00,Limited Offer
2023-04-08,8302,France,175573,Social Media,99925,485,0.189,01:00:00,New Product Launch
2023-04-09,4897,UK,203444,Display,9506,218,0.077,02:00:00,Discount Campaign
2023-04-10,272,France,747301,Email,52004,400,0.196,03:00:00,Limited Offer
2023-04-11,8354,UK,448822,Social Media,63479,21,0.02,04:00:00,Discount Campaign
2023-04-12,5663,UK,668369,Social Media,73146,116,0.036,05:00:00,Holiday Sale
2023-04-13,683,Japan,552825,Video,18309,475,0.06,06:00:00,Holiday Sale
2023-04-14,567,Canada,844652,Email,68418,277,0.141,07:00:00,Limited Offer
2023-04-15,4969,France,961579,Influencer,39610,288,0.103,08:00:00,Holiday Sale
2023-04-16,9995,Japan,942884,Influencer,68639,46,0.184,09:00:00,Discount Campaign
2023-04-17,8310,Germany,539326,Social Media,81925,85,0.139,10:00:00,Holiday Sale
2023-04-18,583,Germany,131340,Social Media,37996,431,0.165,11:00:00,Discount Campaign
2023-04-19,4450,Japan,821854,Influencer,80096,498,0.114,12:00:00,Discount Campaign
2023-04-20,5654,Canada,907909,Email,9265,477,0.036,13:00:00,New Product Launch
2023-04-21,1407,UK,339174,Display,59649,69,0.098,14:00:00,Holiday Sale
2023-04-22,1482,France,606414,Influencer,45157,33,0.149,15:00:00,Brand Awareness
2023-04-23,8200,UK,463392,Search,92852,346,0.044,16:00:00,Discount Campaign
2023-04-24,8690,Canada,404857,Social Media,74484,460,0.096,17:00:00,Holiday Sale
2023-04-25,2501,Japan,655089,Display,5354,308,0.037,18:00:00,Discount Campaign
2023-04-26,9414,USA,162652,Influencer,8216,284,0.071,19:00:00,Limited Offer
2023-04-27,4334,Australia,554645,Social Media,92085,214,0.045,20:00:00,Discount Campaign
2023-04-28,1352,USA,165735,Video,96431,131,0.193,21:00:00,Limited Offer
2023-04-29,3644,USA,238584,Display,21467,55,0.196,22:00:00,New Product Launch
2023-04-30,4703,Germany,241131,Search,40213,326,0.052,23:00:00,Holiday Sale
2023-05-01,7323,Japan,154128,Display,8383,63,0.013,00:00:00,Holiday Sale
2023-05-02,1804,Japan,601309,Social Media,92924,175,0.167,01:00:00,New Product Launch
2023-05-03,668,USA,825556,Email,15258,311,0.153,02:00:00,Limited Offer
2023-05-04,9203,Japan,717489,Display,90802,168,0.11,03:00:00,Limited Offer
2023-05-05,5008,UK,510487,Email,74739,451,0.136,04:00:00,Holiday Sale
2023-05-06,6700,Japan,877496,Social Media,53946,346,0.146,05:00:00,Limited Offer
2023-05-07,1483,Australia,537926,Social Media,93862,335,0.053,06:00:00,Limited Offer
2023-05-08,1083,USA,392473,Email,25515,217,0.104,07:00:00,Brand Awareness
2023-05-09,3761,UK,480903,Email,35349,149,0.116,08:00:00,Brand Awareness
2023-05-10,8128,Japan,861280,Social Media,27506,329,0.188,09:00:00,New Product Launch
2023-05-11,9512,Japan,831489,Display,97357,279,0.136,10:00:00,New Product Launch
2023-05-12,7153,France,787259,Video,86648,380,0.142,11:00:00,Brand Awareness
2023-05-13,646,Japan,944409,Social Media,99300,191,0.119,12:00:00,New Product Launch
2023-05-14,4642,Canada,942414,Social Media,76025,234,0.144,13:00:00,New Product Launch
2023-05-15,9934,Australia,127138,Social Media,28557,240,0.026,14:00:00,Holiday Sale
2023-05-16,2117,Germany,361299,Influencer,63326,454,0.199,15:00:00,New Product Launch
2023-05-17,145,France,969405,Search,25127,421,0.015,16:00:00,Discount Campaign
2023-05-18,7722,UK,437663,Video,30078,208,0.054,17:00:00,Discount Campaign
2023-05-19,4478,USA,252033,Video,7572,317,0.148,18:00:00,Holiday Sale
2023-05-20,7968,UK,317560,Social Media,41680,439,0.099,19:00:00,Brand Awareness
2023-05-21,5324,Canada,636387,Influencer,10679,329,0.136,20:00:00,Discount Campaign
2023-05-22,4449,UK,181667,Display,55621,21,0.122,21:00:00,Holiday Sale
2023-05-23,1349,France,992709,Social Media,16517,331,0.16,22:00:00,Discount Campaign
2023-05-24,922,Japan,448479,Influencer,1664,328,0.161,23:00:00,New Product Launch
2023-05-25,8498,Canada,109665,Video,5763,491,0.153,00:00:00,Limited Offer
2023-05-26,1746,UK,378765,Search,79295,156,0.183,01:00:00,Discount Campaign
2023-05-27,9462,Australia,603891,Social Media,43460,387,0.13,02:00:00,Holiday Sale
2023-05-28,4558,Germany,691819,Email,47591,406,0.065,03:00:00,Holiday Sale
2023-05-29,7168,France,131460,Search,21354,51,0.176,04:00:00,Discount Campaign
2023-05-30,4655,UK,527884,Influencer,73925,417,0.141,05:00:00,Brand Awareness
2023-05-31,334,France,590117,Social Media,74800,161,0.198,06:00:00,Holiday Sale
2023-06-01,240,UK,109269,Influencer,65282,483,0.184,07:00:00,Limited Offer
2023-06-02,2277,Australia,874595,Influencer,26489,310,0.026,08:00:00,Holiday Sale
2023-06-03,3656,UK,702756,Influencer,20086,58,0.164,09:00:00,Holiday Sale
2023-06-04,7568,Canada,763091,Video,41945,187,0.056,10:00:00,Discount Campaign
2023-06-05,4737,UK,320602,Video,65545,402,0.044,11:00:00,Holiday Sale
2023-06-06,4816,Japan,143702,Email,10330,31,0.059,12:00:00,Holiday Sale
2023-06-07,8157,USA,634526,Video,45331,393,0.147,13:00:00,Limited Offer
2023-06-08,2282,Australia,743624,Email,16256,485,0.176,14:00:00,Limited Offer
2023-06-09,4603,UK,229823,Video,71317,41,0.05,15:00:00,Holiday Sale
2023-06-10,1014,Japan,805832,Search,99775,496,0.014,16:00:00,Limited Offer
2023-06-11,534,USA,527645,Email,41216,419,0.034,17:00:00,Brand Awareness
2023-06-12,6456,USA,667726,Display,1266,265,0.098,18:00:00,New Product Launch
2023-06-13,2381,Germany,269718,Influencer,3792,62,0.062,19:00:00,Limited Offer
2023-06-14,3819,UK,758941,Video,87793,426,0.011,20:00:00,Brand Awareness
2023-06-15,6691,France,126311,Search,29678,378,0.01,21:00:00,Brand Awareness
2023-06-16,1615,Canada,141249,Email,34933,121,0.139,22:00:00,New Product Launch
2023-06-17,9334,Germany,615666,Social Media,56134,378,0.071,23:00:00,Brand Awareness
2023-06-18,9644,Canada,129441,Search,59564,179,0.097,00:00:00,New Product Launch
2023-06-19,1437,UK,178908,Social Media,86490,234,0.189,01:00:00,New Product Launch
2023-06-20,8266,UK,619539,Video,19337,422,0.037,02:00:00,Brand Awareness
2023-06-21,7658,UK,419099,Display,22048,334,0.149,03:00:00,Discount Campaign
2023-06-22,5845,USA,901672,Video,92361,141,0.198,04:00:00,Holiday Sale
2023-06-23,564,UK,215896,Email,35532,435,0.082,05:00:00,Discount Campaign
2023-06-24,5187,France,111949,Search,11861,452,0.135,06:00:00,Discount Campaign
2023-06-25,5172,Japan,461874,Display,46405,91,0.142,07:00:00,Discount Campaign
2023-06-26,6416,France,337289,Social Media,12873,232,0.122,08:00:00,Brand Awareness
2023-06-27,4241,Canada,923386,Video,97922,364,0.076,09:00:00,Discount Campaign
2023-06-28,6991,France,272283,Video,5226,66,0.106,10:00:00,Brand Awareness
2023-06-29,8484,USA,722432,Email,21538,326,0.106,11:00:00,Limited Offer
2023-06-30,8016,Japan,767001,Video,80091,86,0.014,12:00:00,Brand Awareness
2023-07-01,4029,UK,153104,Social Media,2578,3,0.07,13:00:00,New Product Launch
2023-07-02,7010,Germany,188321,Influencer,80807,211,0.123,14:00:00,New Product Launch
2023-07-03,3002,France,860494,Video,68738,250,0.119,15:00:00,Discount Campaign
2023-07-04,8024,Canada,671581,Influencer,9812,339,0.156,16:00:00,Brand Awareness
2023-07-05,7195,UK,937498,Search,98009,437,0.027,17:00:00,Brand Awareness
2023-07-06,2495,Germany,515914,Social Media,28669,284,0.15,18:00:00,Limited Offer
2023-07-07,958,Germany,751783,Influencer,26957,347,0.073,19:00:00,Limited Offer
2023-07-08,491,USA,627836,Display,87818,52,0.101,20:00:00,Brand Awareness
2023-07-09,7213,Japan,279562,Email,13435,247,0.046,21:00:00,Limited Offer
2023-07-10,1768,USA,706150,Email,19058,296,0.189,22:00:00,Limited Offer
2023-07-11,144,France,726505,Video,46544,33,0.077,23:00:00,Discount Campaign
2023-07-12,4451,Australia,813541,Email,65788,205,0.175,00:00:00,Holiday Sale
2023-07-13,3335,UK,368946,Video,2155,280,0.082,01:00:00,Holiday Sale
2023-07-14,258,UK,708767,Video,49467,192,0.077,02:00:00,Discount Campaign
2023-07-15,6020,France,489342,Influencer,15226,126,0.053,03:00:00,Limited Offer
2023-07-16,4317,USA,556409,Social Media,10948,63,0.194,04:00:00,New Product Launch
2023-07-17,4898,UK,848199,Search,51190,458,0.132,05:00:00,Discount Campaign
2023-07-18,5860,Japan,286376,Email,78824,468,0.077,06:00:00,New Product Launch
2023-07-19,2073,USA,570153,Influencer,66089,337,0.106,07:00:00,Brand Awareness
2023-07-20,8197,USA,768346,Display,45370,353,0.08,08:00:00,Brand Awareness
2023-07-21,781,Japan,790263,Search,74544,433,0.189,09:00:00,Brand Awareness
2023-07-22,382,Germany,340191,Search,20033,181,0.052,10:00:00,New Product Launch
2023-07-23,8684,USA,716728,Social Media,28400,156,0.091,11:00:00,New Product Launch
2023-07-24,9123,Japan,554540,Social Media,59239,290,0.077,12:00:00,Brand Awareness
2023-07-25,3762,USA,444505,Search,78592,288,0.154,13:00:00,Limited Offer
2023-07-26,3549,France,286511,Display,76408,322,0.083,14:00:00,Discount Campaign
2023-07-27,3924,Germany,944466,Email,67134,288,0.094,15:00:00,Brand Awareness
2023-07-28,1357,Canada,573969,Search,53361,29,0.032,16:00:00,Discount Campaign
2023-07-29,8728,Canada,653152,Video,22728,63,0.193,17:00:00,Discount Campaign
2023-07-30,7261,USA,910125,Video,66787,233,0.066,18:00:00,Discount Campaign
2023-07-31,2639,Canada,678378,Influencer,93803,40,0.043,19:00:00,Brand Awareness
2023-08-01,8998,Germany,942160,Email,25429,128,0.157,20:00:00,Brand Awareness
2023-08-02,8873,France,990242,Display,59269,471,0.096,21:00:00,Discount Campaign
2023-08-03,679,USA,335513,Video,34885,109,0.188,22:00:00,New Product Launch
2023-08-04,2766,UK,442297,Email,42504,305,0.074,23:00:00,New Product Launch
2023-08-05,5753,Germany,542650,Video,94967,260,0.181,00:00:00,New Product Launch
2023-08-06,4946,Canada,164390,Email,67658,12,0.129,01:00:00,Brand Awareness
2023-08-07,7351,Canada,180169,Email,70913,125,0.051,02:00:00,Limited Offer
2023-08-08,1497,Canada,291389,Display,8317,42,0.062,03:00:00,New Product Launch
2023-08-09,9492,UK,546775,Influencer,54444,493,0.094,04:00:00,New Product Launch
2023-08-10,3510,USA,882812,Email,68776,454,0.054,05:00:00,Holiday Sale
2023-08-11,4327,Germany,283249,Video,17902,36,0.01,06:00:00,Brand Awareness
2023-08-12,9029,Canada,922050,Influencer,77879,449,0.079,07:00:00,Limited Offer
2023-08-13,3105,UK,932758,Social Media,33955,206,0.151,08:00:00,Brand Awareness
2023-08-14,8023,Japan,632420,Influencer,20206,275,0.035,09:00:00,New Product Launch
2023-08-15,1732,USA,716514,Display,59096,495,0.066,10:00:00,New Product Launch
2023-08-16,1600,France,646309,Email,64807,103,0.087,11:00:00,Holiday Sale
2023-08-17,9348,Japan,289238,Email,43961,248,0.077,12:00:00,New Product Launch
2023-08-18,2616,Japan,516575,Social Media,61783,246,0.065,13:00:00,New Product Launch
2023-08-19,3805,Australia,620244,Email,35727,154,0.104,14:00:00,Limited Offer
2023-08-20,578,UK,616077,Email,47688,428,0.137,15:00:00,Brand Awareness
2023-08-21,1085,USA,440390,Display,74142,264,0.03,16:00:00,Discount Campaign
2023-08-22,3488,Australia,324083,Video,21812,464,0.17,17:00:00,Holiday Sale
2023-08-23,1252,Australia,706309,Influencer,97919,452,0.154,18:00:00,Holiday Sale
2023-08-24,3642,UK,474391,Search,42428,95,0.021,19:00:00,New Product Launch
2023-08-25,8994,UK,284823,Search,89762,284,0.03,20:00:00,Brand Awareness
2023-08-26,1498,France,915498,Influencer,39168,365,0.047,21:00:00,Discount Campaign
2023-08-27,738,Japan,554699,Display,13924,58,0.102,22:00:00,Holiday Sale
2023-08-28,7248,Japan,566001,Video,82934,381,0.142,23:00:00,Discount Campaign
2023-08-29,9684,UK,492754,Video,6284,182,0.051,00:00:00,Holiday Sale
2023-08-30,7265,USA,632063,Display,24892,263,0.051,01:00:00,Discount Campaign
2023-08-31,6842,Canada,612084,Social Media,29122,266,0.081,02:00:00,New Product Launch
2023-09-01,9207,France,864228,Social Media,48084,46,0.193,03:00:00,New Product Launch
2023-09-02,5345,Australia,703311,Display,23284,451,0.195,04:00:00,Limited Offer
2023-09-03,5399,Japan,803986,Influencer,51102,154,0.174,05:00:00,Limited Offer
2023-09-04,4201,USA,640619,Social Media,36232,435,0.084,06:00:00,Discount Campaign
2023-09-05,6579,USA,820260,Social Media,56118,388,0.109,07:00:00,New Product Launch
2023-09-06,4377,Australia,538523,Video,52717,111,0.071,08:00:00,Discount Campaign
2023-09-07,5763,Japan,802828,Email,78775,388,0.058,09:00:00,New Product Launch
2023-09-08,6084,Australia,278650,Display,2407,57,0.175,10:00:00,Holiday Sale
2023-09-09,2773,Germany,353358,Social Media,83129,234,0.04,11:00:00,Discount Campaign
2023-09-10,5676,France,221110,Influencer,6325,491,0.2,12:00:00,Holiday Sale
2023-09-11,1072,Australia,945905,Video,40586,299,0.15,13:00:00,Discount Campaign
2023-09-12,4820,Germany,417156,Influencer,37292,68,0.16,14:00:00,Discount Campaign
2023-09-13,2558,France,463617,Influencer,61868,475,0.181,15:00:00,Brand Awareness
2023-09-14,8053,Japan,466774,Social Media,11861,36,0.139,16:00:00,Discount Campaign
2023-09-15,6864,UK,975381,Email,57000,383,0.185,17:00:00,Holiday Sale
2023-09-16,6826,Japan,754343,Video,49285,88,0.062,18:00:00,Holiday Sale
2023-09-17,5243,UK,567799,Video,90650,484,0.131,19:00:00,Holiday Sale
2023-09-18,4661,USA,325312,Search,4138,131,0.156,20:00:00,Brand Awareness
2023-09-19,3039,France,891095,Email,34716,466,0.011,21:00:00,Brand Awareness
2023-09-20,1526,Canada,771387,Email,4934,410,0.015,22:00:00,Holiday Sale
2023-09-21,9599,Canada,117793,Email,17481,300,0.151,23:00:00,New Product Launch
2023-09-22,7612,France,834005,Influencer,40186,154,0.07,00:00:00,Brand Awareness
2023-09-23,2865,Australia,291242,Influencer,22854,415,0.037,01:00:00,Brand Awareness
2023-09-24,8617,France,804058,Influencer,45009,106,0.1,02:00:00,Brand Awareness
2023-09-25,4583,France,939195,Influencer,22558,369,0.074,03:00:00,Limited Offer
2023-09-26,5359,UK,143476,Social Media,57920,451,0.118,04:00:00,New Product Launch
2023-09-27,9908,France,727212,Search,19196,67,0.082,05:00:00,Brand Awareness
2023-09-28,181,Germany,530449,Display,2761,43,0.09,06:00:00,Limited Offer
2023-09-29,3054,USA,607379,Display,43900,338,0.053,07:00:00,Discount Campaign
2023-09-30,8037,UK,589347,Search,9899,168,0.108,08:00:00,New Product Launch
2023-10-01,5925,USA,914833,Video,57577,315,0.108,09:00:00,Holiday Sale
2023-10-02,4581,Canada,749334,Email,90200,387,0.1,10:00:00,Limited Offer
2023-10-03,8467,France,821590,Display,47945,460,0.054,11:00:00,Discount Campaign
2023-10-04,8981,Germany,763955,Display,4203,203,0.134,12:00:00,Limited Offer
2023-10-05,1099,Japan,994245,Social Media,23924,336,0.099,13:00:00,Brand Awareness
2023-10-06,2339,Germany,692033,Display,19642,366,0.056,14:00:00,Limited Offer
2023-10-07,5645,UK,642808,Video,52039,359,0.018,15:00:00,Limited Offer
2023-10-08,6666,France,271586,Social Media,81779,138,0.108,16:00:00,New Product Launch
2023-10-09,641,Japan,240131,Email,90127,67,0.171,17:00:00,Limited Offer
2023-10-10,1568,Japan,765699,Search,78290,89,0.076,18:00:00,New Product Launch
2023-10-11,2195,France,459596,Display,17068,371,0.154,19:00:00,Limited Offer
2023-10-12,5661,Canada,110426,Social Media,19203,222,0.024,20:00:00,Discount Campaign
2023-10-13,6267,Canada,409185,Social Media,23939,92,0.115,21:00:00,Brand Awareness
2023-10-14,9334,Canada,842601,Search,67479,480,0.105,22:00:00,Holiday Sale
2023-10-15,5988,Australia,852713,Influencer,34224,494,0.141,23:00:00,Brand Awareness
2023-10-16,7001,Canada,265629,Influencer,28743,387,0.026,00:00:00,Brand Awareness
2023-10-17,5063,Germany,958843,Display,92247,494,0.183,01:00:00,Brand Awareness
2023-10-18,7642,Japan,828334,Email,8017,431,0.173,02:00:00,Holiday Sale
2023-10-19,3335,USA,401884,Social Media,6121,361,0.159,03:00:00,Brand Awareness
2023-10-20,5301,UK,760230,Search,50418,121,0.047,04:00:00,Limited Offer
2023-10-21,3702,USA,948737,Email,10787,122,0.031,05:00:00,New Product Launch
2023-10-22,4665,Japan,550816,Video,46739,468,0.197,06:00:00,New Product Launch
2023-10-23,7054,UK,406488,Email,87381,437,0.03,07:00:00,Holiday Sale
2023-10-24,2400,France,880717,Video,72507,443,0.101,08:00:00,Holiday Sale
2023-10-25,7841,France,964691,Influencer,43172,426,0.146,09:00:00,Brand Awareness
2023-10-26,6419,France,391025,Influencer,51646,199,0.122,10:00:00,Limited Offer
2023-10-27,8652,UK,416861,Video,64910,455,0.076,11:00:00,Brand Awareness
2023-10-28,2131,Canada,480321,Social Media,26727,243,0.033,12:00:00,Limited Offer
2023-10-29,1765,Germany,532921,Search,5994,70,0.016,13:00:00,Holiday Sale
2023-10-30,3489,Germany,258504,Search,2209,301,0.106,14:00:00,Holiday Sale
2023-10-31,5987,Japan,486769,Video,16662,385,0.131,15:00:00,Discount Campaign
2023-11-01,9458,Australia,190068,Email,57929,283,0.167,16:00:00,Limited Offer
2023-11-02,6830,Australia,662996,Search,37040,162,0.042,17:00:00,Limited Offer
2023-11-03,5381,Germany,178603,Social Media,70443,79,0.117,18:00:00,Brand Awareness
2023-11-04,7603,USA,984424,Influencer,42521,91,0.07,19:00:00,New Product Launch
2023-11-05,8987,Japan,857805,Display,92605,357,0.105,20:00:00,Limited Offer
2023-11-06,9618,USA,696288,Display,31129,361,0.16,21:00:00,Limited Offer
2023-11-07,9238,USA,471117,Influencer,1341,5,0.084,22:00:00,Brand Awareness
2023-11-08,5293,France,918307,Display,27485,482,0.182,23:00:00,New Product Launch
2023-11-09,7853,USA,463005,Email,64786,194,0.097,00:00:00,Brand Awareness
2023-11-10,2548,USA,988107,Search,8268,182,0.046,01:00:00,New Product Launch
2023-11-11,1883,Australia,775549,Influencer,40357,117,0.048,02:00:00,Brand Awareness
2023-11-12,8829,France,314235,Display,34371,215,0.19,03:00:00,New Product Launch
2023-11-13,5159,Germany,566764,Display,13047,31,0.098,04:00:00,Brand Awareness
2023-11-14,8888,UK,325092,Video,86658,371,0.125,05:00:00,New Product Launch
2023-11-15,7102,Japan,395194,Search,2348,373,0.068,06:00:00,Limited Offer
2023-11-16,9204,Australia,673462,Display,50381,46,0.19,07:00:00,New Product Launch
2023-11-17,1304,USA,184602,Video,33511,373,0.087,08:00:00,Limited Offer
2023-11-18,5154,Australia,113466,Search,43942,20,0.047,09:00:00,Discount Campaign
2023-11-19,8351,France,318252,Video,4504,314,0.164,10:00:00,New Product Launch
2023-11-20,9930,Canada,595388,Influencer,11856,76,0.083,11:00:00,New Product Launch
2023-11-21,5893,Japan,454778,Email,38975,346,0.197,12:00:00,Holiday Sale
2023-11-22,6589,Japan,618615,Email,8607,452,0.112,13:00:00,Holiday Sale
2023-11-23,1855,Japan,757071,Social Media,60393,483,0.095,14:00:00,Discount Campaign
2023-11-24,426,UK,143094,Video,91362,498,0.086,15:00:00,Discount Campaign
2023-11-25,2351,UK,522969,Email,45605,137,0.134,16:00:00,Limited Offer
2023-11-26,8335,Canada,835845,Video,48729,488,0.187,17:00:00,Holiday Sale
2023-11-27,5438,Canada,735169,Video,24725,460,0.148,18:00:00,Holiday Sale
2023-11-28,8318,France,570575,Email,54468,105,0.144,19:00:00,Holiday Sale
2023-11-29,420,Canada,190554,Video,68663,156,0.106,20:00:00,Brand Awareness
2023-11-30,3721,France,269277,Video,20386,138,0.057,21:00:00,Brand Awareness
2023-12-01,159,France,437865,Influencer,50153,109,0.04,22:00:00,Limited Offer
2023-12-02,4965,France,993816,Video,4347,459,0.107,23:00:00,Limited Offer
2023-12-03,7650,Germany,673101,Display,91689,105,0.107,00:00:00,Limited Offer
2023-12-04,7142,UK,394757,Search,41938,175,0.09,01:00:00,Brand Awareness
2023-12-05,6020,Germany,554036,Influencer,13001,46,0.06,02:00:00,Holiday Sale
2023-12-06,915,Japan,943832,Influencer,45549,492,0.055,03:00:00,New Product Launch
2023-12-07,5500,Germany,894609,Email,13051,49,0.129,04:00:00,Brand Awareness
2023-12-08,7001,Japan,615745,Display,70605,450,0.071,05:00:00,Brand Awareness
2023-12-09,5175,Germany,287556,Email,75822,130,0.023,06:00:00,New Product Launch
2023-12-10,4070,Germany,593117,Email,95336,110,0.168,07:00:00,Brand Awareness
2023-12-11,7064,USA,985268,Display,46026,99,0.034,08:00:00,New Product Launch
2023-12-12,676,Canada,191391,Display,86125,323,0.055,09:00:00,New Product Launch
2023-12-13,8539,USA,824826,Influencer,22089,320,0.144,10:00:00,New Product Launch
2023-12-14,6422,Canada,288925,Email,91423,164,0.128,11:00:00,Brand Awareness
2023-12-15,5078,Canada,265065,Search,72404,446,0.02,12:00:00,New Product Launch
2023-12-16,1800,Canada,178355,Email,50265,19,0.086,13:00:00,Limited Offer
2023-12-17,9388,Australia,877148,Display,87261,411,0.169,14:00:00,Holiday Sale
2023-12-18,7086,France,420389,Search,95946,22,0.025,15:00:00,Limited Offer
2023-12-19,2549,Canada,843796,Influencer,51634,322,0.024,16:00:00,Discount Campaign
2023-12-20,8182,USA,917434,Email,55377,241,0.157,17:00:00,New Product Launch
2023-12-21,6041,USA,248146,Social Media,94588,222,0.088,18:00:00,New Product Launch
2023-12-22,8449,Japan,923605,Video,5261,259,0.091,19:00:00,Discount Campaign
2023-12-23,8592,USA,197727,Search,62844,241,0.03,20:00:00,Holiday Sale
2023-12-24,944,Canada,242437,Influencer,3587,141,0.07,21:00:00,Discount Campaign
2023-12-25,3049,Australia,393748,Social Media,31850,329,0.057,22:00:00,Discount Campaign
2023-12-26,8687,Canada,153959,Social Media,48625,381,0.122,23:00:00,Discount Campaign
2023-12-27,4026,Germany,909880,Display,21321,263,0.082,00:00:00,Brand Awareness
2023-12-28,7040,Australia,688619,Video,23757,11,0.048,01:00:00,New Product Launch
2023-12-29,5806,Japan,292721,Video,97498,268,0.062,02:00:00,New Product Launch
2023-12-30,4467,UK,792616,Email,59354,333,0.162,03:00:00,Holiday Sale
2023-12-31,220,Germany,204180,Video,44663,420,0.192,04:00:00,Limited Offer
2024-01-01,9866,UK,535679,Video,46899,348,0.138,05:00:00,Brand Awareness
2024-01-02,7165,Canada,216464,Social Media,7650,281,0.105,06:00:00,Discount Campaign
2024-01-03,8198,USA,269977,Email,73591,290,0.071,07:00:00,Limited Offer
2024-01-04,2954,UK,861288,Social Media,30268,404,0.029,08:00:00,Limited Offer
2024-01-05,6223,France,372657,Influencer,4089,328,0.154,09:00:00,Limited Offer
2024-01-06,2986,Germany,180283,Influencer,77177,176,0.039,10:00:00,New Product Launch
2024-01-07,5297,France,922908,Email,25330,331,0.191,11:00:00,Holiday Sale
2024-01-08,3525,Japan,529283,Email,43867,444,0.012,12:00:00,Limited Offer
2024-01-09,3027,Japan,828026,Email,32019,396,0.18,13:00:00,Brand Awareness
2024-01-10,9526,USA,370306,Display,8508,242,0.06,14:00:00,New Product Launch
2024-01-11,8041,Germany,837367,Social Media,32004,25,0.059,15:00:00,Limited Offer
2024-01-12,8276,France,430506,Email,6661,479,0.128,16:00:00,New Product Launch
2024-01-13,3297,Australia,581944,Display,41065,121,0.177,17:00:00,Limited Offer
2024-01-14,1887,Canada,925169,Email,19254,479,0.139,18:00:00,Brand Awareness
2024-01-15,8423,Canada,881611,Display,21926,427,0.159,19:00:00,New Product Launch
2024-01-16,4819,France,999810,Display,95432,192,0.066,20:00:00,Holiday Sale
2024-01-17,5533,Japan,750017,Social Media,67117,34,0.055,21:00:00,New Product Launch
2024-01-18,8103,Germany,652248,Search,47329,492,0.037,22:00:00,Discount Campaign
2024-01-19,9944,Japan,376674,Display,8635,320,0.104,23:00:00,Limited Offer
2024-01-20,1677,Germany,713262,Search,54488,201,0.076,00:00:00,Limited Offer
2024-01-21,5667,Germany,413405,Search,12792,63,0.192,01:00:00,Brand Awareness
2024-01-22,3199,UK,215862,Search,97568,212,0.057,02:00:00,Brand Awareness
2024-01-23,1868,France,775051,Display,42866,356,0.054,03:00:00,New Product Launch
2024-01-24,5237,Australia,610217,Display,48022,302,0.199,04:00:00,Discount Campaign
2024-01-25,2164,Japan,839229,Search,19235,105,0.013,05:00:00,New Product Launch
2024-01-26,125,Japan,843954,Influencer,67740,291,0.154,06:00:00,Limited Offer
2024-01-27,4611,France,210679,Influencer,61995,423,0.083,07:00:00,Holiday Sale
2024-01-28,654,France,212718,Social Media,33440,41,0.064,08:00:00,Limited Offer
2024-01-29,9090,Australia,186485,Video,42475,402,0.172,09:00:00,New Product Launch
2024-01-30,2810,Canada,954067,Search,65281,145,0.072,10:00:00,Holiday Sale
2024-01-31,9437,France,785537,Display,33577,160,0.182,11:00:00,Brand Awareness
2024-02-01,6538,Australia,549165,Social Media,37675,196,0.143,12:00:00,New Product Launch
2024-02-02,8455,Canada,788920,Social Media,51142,275,0.071,13:00:00,Holiday Sale
2024-02-03,5920,Germany,275169,Video,49072,459,0.017,14:00:00,New Product Launch
2024-02-04,2295,Japan,849868,Influencer,67703,342,0.076,15:00:00,Limited Offer
2024-02-05,1754,Canada,806483,Social Media,72637,149,0.077,16:00:00,Discount Campaign
2024-02-06,905,Australia,666635,Email,11682,294,0.135,17:00:00,Discount Campaign
2024-02-07,7721,UK,299387,Email,2724,231,0.155,18:00:00,Discount Campaign
2024-02-08,7155,Japan,972473,Search,43319,15,0.155,19:00:00,New Product Launch
2024-02-09,7485,USA,284402,Email,79868,307,0.113,20:00:00,New Product Launch
2024-02-10,7787,USA,462234,Social Media,45048,188,0.111,21:00:00,Limited Offer
2024-02-11,2689,Germany,632683,Display,45032,49,0.063,22:00:00,Holiday Sale
2024-02-12,6902,France,697970,Influencer,4858,57,0.167,23:00:00,Brand Awareness
2024-02-13,5965,UK,522793,Influencer,20780,47,0.099,00:00:00,Brand Awareness
2024-02-14,736,Australia,828429,Social Media,66252,241,0.053,01:00:00,Brand Awareness
2024-02-15,766,Germany,665296,Email,16531,69,0.173,02:00:00,Limited Offer
2024-02-16,7934,Canada,285843,Email,68074,286,0.076,03:00:00,Discount Campaign
2024-02-17,5922,France,481246,Email,31546,386,0.111,04:00:00,Holiday Sale
2024-02-18,6860,Australia,677673,Influencer,60724,178,0.04,05:00:00,Holiday Sale
2024-02-19,9539,USA,638960,Social Media,22729,494,0.069,06:00:00,Holiday Sale
2024-02-20,8101,UK,866594,Email,46635,172,0.151,07:00:00,Brand Awareness
2024-02-21,1659,Germany,806607,Display,38826,160,0.047,08:00:00,Brand Awareness
2024-02-22,7751,France,163131,Display,79871,273,0.02,09:00:00,New Product Launch
2024-02-23,582,UK,951289,Video,1688,227,0.106,10:00:00,Limited Offer
2024-02-24,1639,Japan,712688,Influencer,75873,275,0.094,11:00:00,Limited Offer
2024-02-25,4970,UK,216969,Display,59475,166,0.047,12:00:00,Limited Offer
2024-02-26,9076,UK,965255,Email,10008,441,0.047,13:00:00,Limited Offer
2024-02-27,3716,UK,510241,Email,11944,260,0.019,14:00:00,New Product Launch
2024-02-28,6616,Japan,309206,Influencer,86501,448,0.161,15:00:00,Holiday Sale
2024-02-29,4766,Germany,925363,Influencer,94100,278,0.145,16:00:00,New Product Launch
2024-03-01,1171,Canada,558739,Social Media,59290,451,0.074,17:00:00,Holiday Sale
2024-03-02,559,Japan,868564,Video,18982,121,0.116,18:00:00,Brand Awareness
2024-03-03,4051,USA,570473,Display,32779,415,0.162,19:00:00,Limited Offer
2024-03-04,7877,UK,801023,Email,37581,40,0.159,20:00:00,Limited Offer
2024-03-05,9691,Germany,543623,Video,21190,217,0.144,21:00:00,Brand Awareness
2024-03-06,2351,UK,132598,Social Media,10084,168,0.061,22:00:00,Limited Offer
2024-03-07,4629,Japan,398251,Search,70465,194,0.074,23:00:00,Brand Awareness
2024-03-08,1121,Australia,629580,Social Media,85080,414,0.136,00:00:00,Brand Awareness
2024-03-09,8801,Japan,750087,Display,56531,50,0.142,01:00:00,Discount Campaign
2024-03-10,4138,France,925294,Influencer,4089,485,0.036,02:00:00,Brand Awareness
2024-03-11,4907,USA,636909,Display,96759,209,0.082,03:00:00,Discount Campaign
2024-03-12,4787,Japan,566295,Email,5184,110,0.12,04:00:00,Limited Offer
2024-03-13,1231,USA,239065,Influencer,85889,359,0.023,05:00:00,Discount Campaign
2024-03-14,889,Germany,910902,Social Media,71978,42,0.131,06:00:00,Limited Offer
2024-03-15,4875,Australia,474588,Display,54209,87,0.127,07:00:00,Discount Campaign
2024-03-16,2095,USA,748025,Influencer,76841,376,0.012,08:00:00,Brand Awareness
2024-03-17,8924,USA,646885,Video,89583,369,0.095,09:00:00,Brand Awareness
2024-03-18,4336,USA,766949,Video,65690,436,0.119,10:00:00,Discount Campaign
2024-03-19,9548,USA,339931,Social Media,41693,408,0.191,11:00:00,Discount Campaign
2024-03-20,2726,USA,751355,Influencer,84416,73,0.197,12:00:00,Limited Offer
2024-03-21,7944,USA,176293,Search,52771,2,0.115,13:00:00,Brand Awareness
2024-03-22,1361,Germany,707572,Search,69316,420,0.067,14:00:00,Brand Awareness
2024-03-23,9123,Japan,557502,Social Media,5496,317,0.172,15:00:00,Limited Offer
2024-03-24,4767,Australia,158246,Display,52756,331,0.058,16:00:00,New Product Launch
2024-03-25,4324,Germany,833746,Display,69216,182,0.137,17:00:00,Brand Awareness
2024-03-26,7503,Australia,700864,Email,35698,156,0.199,18:00:00,Brand Awareness
2024-03-27,6892,Canada,791211,Social Media,82841,125,0.151,19:00:00,Brand Awareness
2024-03-28,7863,France,674230,Search,88163,190,0.096,20:00:00,Holiday Sale
2024-03-29,1379,Japan,197725,Search,50686,139,0.138,21:00:00,Limited Offer
2024-03-30,2109,USA,255816,Email,91885,175,0.042,22:00:00,Brand Awareness
2024-03-31,2142,USA,399974,Influencer,19458,248,0.184,23:00:00,Brand Awareness
2024-04-01,6371,Germany,296940,Influencer,89732,56,0.062,00:00:00,Brand Awareness
2024-04-02,309,Canada,833228,Search,74162,117,0.157,01:00:00,Limited Offer
2024-04-03,9600,France,946326,Video,35534,176,0.032,02:00:00,Limited Offer
2024-04-04,6138,USA,188424,Display,6322,452,0.165,03:00:00,Discount Campaign
2024-04-05,9658,UK,374177,Display,56830,256,0.071,04:00:00,Brand Awareness
2024-04-06,1974,Japan,295746,Search,18790,268,0.04,05:00:00,Limited Offer
2024-04-07,9748,Australia,354678,Search,72201,252,0.091,06:00:00,Discount Campaign
2024-04-08,8741,Australia,800057,Video,74990,78,0.076,07:00:00,Limited Offer
2024-04-09,3410,Germany,960197,Email,62129,19,0.026,08:00:00,Holiday Sale
2024-04-10,7619,Germany,706822,Video,89212,165,0.069,09:00:00,New Product Launch
2024-04-11,2178,Japan,666047,Social Media,15361,488,0.018,10:00:00,New Product Launch
2024-04-12,5167,UK,226940,Influencer,77851,282,0.185,11:00:00,Discount Campaign
2024-04-13,6827,Germany,646669,Influencer,61089,285,0.176,12:00:00,Holiday Sale
2024-04-14,2049,UK,159154,Display,42512,20,0.107,13:00:00,Holiday Sale
2024-04-15,1364,Germany,632416,Social Media,3839,62,0.157,14:00:00,Discount Campaign
2024-04-16,5175,USA,767897,Display,55149,40,0.075,15:00:00,New Product Launch
2024-04-17,1001,Australia,370660,Video,60081,33,0.086,16:00:00,Holiday Sale
2024-04-18,1770,UK,583418,Display,88405,28,0.092,17:00:00,Holiday Sale
2024-04-19,7409,Germany,578572,Social Media,4844,277,0.163,18:00:00,Discount Campaign
2024-04-20,3696,USA,896818,Social Media,34054,43,0.064,19:00:00,Brand Awareness
2024-04-21,9004,France,396957,Influencer,37221,280,0.183,20:00:00,Discount Campaign
2024-04-22,5261,Japan,487385,Search,29771,279,0.181,21:00:00,Brand Awareness
2024-04-23,1800,Australia,900223,Display,72402,12,0.164,22:00:00,Brand Awareness
2024-04-24,8040,UK,976040,Search,18132,449,0.108,23:00:00,Discount Campaign
2024-04-25,6823,Germany,217025,Search,14663,209,0.077,00:00:00,Discount Campaign
2024-04-26,4419,Germany,251854,Video,91412,430,0.102,01:00:00,Holiday Sale
2024-04-27,1490,France,592533,Social Media,17398,226,0.12,02:00:00,New Product Launch
2024-04-28,1118,Japan,598034,Social Media,66728,480,0.03,03:00:00,Holiday Sale
2024-04-29,7367,UK,134604,Video,98449,336,0.157,04:00:00,Brand Awareness
2024-04-30,2682,Canada,819198,Display,81701,308,0.056,05:00:00,Brand Awareness
2024-05-01,7754,USA,793124,Display,29545,111,0.042,06:00:00,Holiday Sale
2024-05-02,1029,UK,694011,Display,99568,380,0.179,07:00:00,New Product Launch
2024-05-03,141,Australia,996553,Influencer,59260,39,0.05,08:00:00,Discount Campaign
2024-05-04,2293,Australia,936501,Display,69033,409,0.126,09:00:00,New Product Launch
2024-05-05,9017,USA,970652,Email,53853,490,0.174,10:00:00,Brand Awareness
2024-05-06,1390,Canada,278145,Display,58167,93,0.055,11:00:00,New Product Launch
2024-05-07,3359,Canada,266457,Video,45406,194,0.035,12:00:00,New Product Launch
2024-05-08,5215,Canada,907132,Display,97785,369,0.032,13:00:00,New Product Launch
2024-05-09,4769,Germany,958752,Search,57477,404,0.021,14:00:00,Limited Offer
2024-05-10,647,Australia,154152,Display,60596,282,0.173,15:00:00,Discount Campaign
2024-05-11,2864,Japan,764390,Display,28303,458,0.08,16:00:00,Discount Campaign
2024-05-12,7385,Germany,841386,Search,54127,204,0.171,17:00:00,Discount Campaign
2024-05-13,2973,Canada,586596,Influencer,57258,8,0.109,18:00:00,Discount Campaign
2024-05-14,4969,Germany,411735,Search,15428,119,0.025,19:00:00,Limited Offer
2024-05-15,7127,Canada,271963,Search,56508,59,0.017,20:00:00,New Product Launch
2024-05-16,6157,USA,602051,Video,52381,392,0.014,21:00:00,New Product Launch
2024-05-17,3028,Canada,735603,Search,23537,25,0.145,22:00:00,Brand Awareness
2024-05-18,8909,USA,105944,Display,83516,43,0.196,23:00:00,Brand Awareness
2024-05-19,9852,Canada,314779,Influencer,79363,367,0.132,00:00:00,New Product Launch
2024-05-20,2236,Australia,248256,Influencer,64363,130,0.19,01:00:00,Holiday Sale
2024-05-21,1277,Germany,687325,Email,66819,375,0.045,02:00:00,New Product Launch
2024-05-22,227,France,578511,Social Media,68932,190,0.037,03:00:00,Brand Awareness
2024-05-23,1258,USA,181443,Video,81986,35,0.043,04:00:00,New Product Launch
2024-05-24,3083,Canada,721824,Email,77392,393,0.171,05:00:00,Holiday Sale
2024-05-25,6691,Australia,315940,Influencer,84373,37,0.053,06:00:00,Discount Campaign
2024-05-26,6393,USA,528606,Email,65716,128,0.04,07:00:00,Limited Offer
2024-05-27,4922,USA,269355,Influencer,91175,146,0.057,08:00:00,Brand Awareness
2024-05-28,9550,Australia,840669,Email,77060,212,0.191,09:00:00,Discount Campaign
2024-05-29,2056,France,190268,Social Media,38616,325,0.157,10:00:00,New Product Launch
2024-05-30,7262,France,450650,Video,34458,373,0.155,11:00:00,Brand Awareness
2024-05-31,8130,Canada,891694,Video,58188,24,0.18,12:00:00,Holiday Sale
2024-06-01,3622,Germany,250297,Display,17407,162,0.094,13:00:00,Holiday Sale
2024-06-02,1482,France,254982,Email,4337,397,0.122,14:00:00,Holiday Sale
2024-06-03,7813,Canada,264653,Influencer,74866,255,0.022,15:00:00,Limited Offer
2024-06-04,4034,UK,546904,Search,78612,441,0.134,16:00:00,Holiday Sale
2024-06-05,4565,Australia,764863,Email,70849,202,0.014,17:00:00,Limited Offer
2024-06-06,9270,UK,217833,Display,39713,123,0.196,18:00:00,Discount Campaign
2024-06-07,2069,Canada,560336,Influencer,6910,55,0.181,19:00:00,Discount Campaign
2024-06-08,2504,Canada,490570,Email,6153,214,0.15,20:00:00,Holiday Sale
2024-06-09,9514,Germany,755181,Social Media,21141,399,0.014,21:00:00,Limited Offer
2024-06-10,8992,UK,596711,Video,24981,117,0.105,22:00:00,Discount Campaign
2024-06-11,6229,Canada,891020,Display,91578,37,0.068,23:00:00,Brand Awareness
2024-06-12,1038,UK,685565,Display,53817,445,0.164,00:00:00,Discount Campaign
2024-06-13,2803,USA,401388,Social Media,81018,427,0.025,01:00:00,Holiday Sale
2024-06-14,3515,Germany,298726,Influencer,43669,465,0.029,02:00:00,Holiday Sale
2024-06-15,2309,Japan,908220,Social Media,6653,183,0.188,03:00:00,Limited Offer
2024-06-16,5269,UK,334748,Video,47960,147,0.057,04:00:00,Brand Awareness
2024-06-17,8111,USA,370303,Social Media,30761,55,0.085,05:00:00,Limited Offer
2024-06-18,517,Canada,809670,Display,37044,92,0.076,06:00:00,Holiday Sale
2024-06-19,848,Germany,366538,Social Media,94136,406,0.036,07:00:00,Brand Awareness
2024-06-20,6927,USA,554212,Video,47983,273,0.159,08:00:00,Brand Awareness
2024-06-21,3452,Canada,339990,Social Media,79638,360,0.174,09:00:00,Limited Offer
2024-06-22,764,Germany,428685,Display,15353,217,0.145,10:00:00,Limited Offer
2024-06-23,3716,Germany,369715,Video,40906,406,0.01,11:00:00,Holiday Sale
2024-06-24,5435,Germany,803667,Social Media,93571,226,0.137,12:00:00,Discount Campaign
2024-06-25,5581,USA,191896,Search,91987,387,0.098,13:00:00,Discount Campaign
2024-06-26,511,Japan,617130,Influencer,72842,118,0.161,14:00:00,Brand Awareness
2024-06-27,2999,Australia,854852,Display,34519,442,0.121,15:00:00,Holiday Sale
2024-06-28,2601,Germany,477694,Search,87755,420,0.103,16:00:00,Holiday Sale
2024-06-29,4804,Canada,938113,Email,56605,10,0.047,17:00:00,Brand Awareness
2024-06-30,5249,Australia,958777,Email,25957,72,0.149,18:00:00,Brand Awareness
2024-07-01,6143,France,742422,Email,31937,495,0.085,19:00:00,Limited Offer
2024-07-02,1864,Australia,518143,Search,96316,90,0.147,20:00:00,Holiday Sale
2024-07-03,6142,Japan,486477,Video,97352,68,0.162,21:00:00,New Product Launch
2024-07-04,798,Canada,233579,Email,58453,311,0.041,22:00:00,Limited Offer
2024-07-05,2978,France,785358,Social Media,42691,197,0.199,23:00:00,Limited Offer
2024-07-06,6536,UK,804148,Social Media,90056,175,0.093,00:00:00,Limited Offer
2024-07-07,4442,UK,859301,Email,2883,205,0.174,01:00:00,Brand Awareness
2024-07-08,635,France,186966,Video,34854,365,0.188,02:00:00,Brand Awareness
2024-07-09,6426,Canada,210463,Search,67834,18,0.196,03:00:00,Limited Offer
2024-07-10,876,UK,196825,Influencer,56592,50,0.029,04:00:00,Brand Awareness
2024-07-11,6720,Australia,995065,Social Media,99317,218,0.038,05:00:00,Holiday Sale
2024-07-12,1898,USA,648412,Display,64815,475,0.045,06:00:00,New Product Launch
2024-07-13,8978,Canada,981002,Search,72430,436,0.024,07:00:00,New Product Launch
2024-07-14,7061,Canada,748801,Influencer,50604,219,0.114,08:00:00,Holiday Sale
2024-07-15,8805,UK,287704,Social Media,97281,8,0.067,09:00:00,Holiday Sale
2024-07-16,7382,USA,341814,Email,50885,33,0.1,10:00:00,Limited Offer
2024-07-17,6981,France,368818,Search,33273,386,0.142,11:00:00,Holiday Sale
2024-07-18,7974,USA,447402,Video,2646,331,0.069,12:00:00,Limited Offer
2024-07-19,4662,UK,793813,Search,61574,165,0.16,13:00:00,Brand Awareness
2024-07-20,5782,Japan,184732,Email,3937,113,0.049,14:00:00,Limited Offer
2024-07-21,1791,France,858741,Email,75690,392,0.175,15:00:00,New Product Launch
2024-07-22,7505,Japan,271958,Social Media,35258,157,0.112,16:00:00,Limited Offer
2024-07-23,5934,Australia,190049,Search,81133,10,0.058,17:00:00,New Product Launch
2024-07-24,967,UK,596106,Display,19361,393,0.026,18:00:00,Limited Offer
2024-07-25,5895,Germany,833000,Social Media,24991,214,0.069,19:00:00,New Product Launch
2024-07-26,9056,USA,411710,Email,38022,192,0.049,20:00:00,Holiday Sale
2024-07-27,9864,Germany,716851,Influencer,95739,132,0.127,21:00:00,New Product Launch
2024-07-28,1046,UK,215541,Email,12752,125,0.084,22:00:00,Brand Awareness
2024-07-29,3124,USA,702377,Display,51660,426,0.126,23:00:00,Limited Offer
2024-07-30,618,France,648919,Social Media,83600,400,0.146,00:00:00,Holiday Sale
2024-07-31,1274,Japan,310517,Display,1406,100,0.185,01:00:00,Holiday Sale
2024-08-01,7366,UK,845654,Email,40960,285,0.15,02:00:00,Limited Offer
2024-08-02,3330,Germany,885678,Social Media,56083,6,0.084,03:00:00,Holiday Sale
2024-08-03,4475,France,989383,Influencer,3921,447,0.157,04:00:00,Discount Campaign
2024-08-04,3173,Canada,790600,Search,39731,262,0.053,05:00:00,Brand Awareness
2024-08-05,3700,Australia,768730,Influencer,8009,204,0.06,06:00:00,Discount Campaign
2024-08-06,1292,UK,635082,Email,76026,451,0.168,07:00:00,Discount Campaign
2024-08-07,3110,USA,843499,Influencer,47871,205,0.081,08:00:00,Brand Awareness
2024-08-08,6340,Canada,215881,Social Media,40896,456,0.045,09:00:00,New Product Launch
2024-08-09,5026,Australia,155733,Search,16400,488,0.024,10:00:00,Limited Offer
2024-08-10,6541,UK,683822,Email,71080,495,0.037,11:00:00,Discount Campaign
2024-08-11,8733,Japan,932181,Email,73781,174,0.197,12:00:00,Holiday Sale
2024-08-12,3831,Germany,514029,Email,42411,55,0.117,13:00:00,Brand Awareness
2024-08-13,6595,Canada,241781,Search,70957,36,0.139,14:00:00,Brand Awareness
2024-08-14,5903,France,277376,Display,27278,251,0.146,15:00:00,Discount Campaign
2024-08-15,8110,USA,691260,Video,5325,481,0.123,16:00:00,Brand Awareness
2024-08-16,1734,Canada,663217,Email,71424,239,0.107,17:00:00,Holiday Sale
2024-08-17,8536,Japan,716320,Email,83168,407,0.103,18:00:00,Limited Offer
2024-08-18,483,Canada,311404,Influencer,98437,283,0.021,19:00:00,Brand Awareness
2024-08-19,3072,Australia,835836,Social Media,29441,307,0.173,20:00:00,Limited Offer
2024-08-20,4604,Canada,291631,Social Media,74273,15,0.053,21:00:00,Brand Awareness
2024-08-21,6857,Japan,476204,Social Media,6008,156,0.173,22:00:00,New Product Launch
2024-08-22,687,Germany,375865,Video,6996,29,0.056,23:00:00,Limited Offer
2024-08-23,1384,Canada,843022,Influencer,94741,306,0.075,00:00:00,New Product Launch
2024-08-24,9657,UK,505346,Influencer,78671,427,0.022,01:00:00,Holiday Sale
2024-08-25,5264,Germany,298506,Video,20400,221,0.041,02:00:00,New Product Launch
2024-08-26,3433,Canada,852014,Search,83330,91,0.144,03:00:00,Holiday Sale
2024-08-27,1790,Australia,229084,Email,14866,56,0.062,04:00:00,Discount Campaign
2024-08-28,9194,UK,730060,Email,29605,55,0.103,05:00:00,Brand Awareness
2024-08-29,6250,France,615453,Display,34984,58,0.047,06:00:00,Discount Campaign
2024-08-30,723,Japan,659921,Video,2739,256,0.174,07:00:00,New Product Launch
2024-08-31,2963,USA,978855,Video,52380,114,0.183,08:00:00,Brand Awareness
2024-09-01,5602,France,237704,Email,78997,60,0.036,09:00:00,Limited Offer
2024-09-02,2516,Canada,717993,Influencer,88876,340,0.101,10:00:00,Limited Offer
2024-09-03,6435,France,551020,Social Media,76077,66,0.167,11:00:00,Holiday Sale
2024-09-04,5592,UK,907351,Video,63459,145,0.168,12:00:00,New Product Launch
2024-09-05,7935,Australia,370229,Search,64757,474,0.131,13:00:00,New Product Launch
2024-09-06,3582,Canada,497376,Social Media,99134,216,0.171,14:00:00,New Product Launch
2024-09-07,5798,UK,769506,Email,54558,248,0.184,15:00:00,Holiday Sale
2024-09-08,165,Germany,231667,Display,35545,435,0.03,16:00:00,New Product Launch
2024-09-09,4811,Australia,711682,Video,42866,219,0.044,17:00:00,New Product Launch
2024-09-10,9708,USA,123211,Display,81597,248,0.142,18:00:00,Holiday Sale
2024-09-11,6014,Australia,669234,Influencer,14733,287,0.061,19:00:00,Brand Awareness
2024-09-12,686,USA,554719,Video,3234,279,0.2,20:00:00,New Product Launch
2024-09-13,7827,Germany,442258,Social Media,67190,400,0.046,21:00:00,Brand Awareness
2024-09-14,3795,Japan,456375,Video,70953,232,0.126,22:00:00,New Product Launch
2024-09-15,722,Canada,225866,Influencer,44043,64,0.039,23:00:00,New Product Launch
2024-09-16,9680,France,313382,Social Media,12632,446,0.16,00:00:00,Discount Campaign
2024-09-17,3395,Australia,945475,Search,4471,311,0.022,01:00:00,New Product Launch
2024-09-18,6367,Australia,793247,Influencer,36486,230,0.02,02:00:00,New Product Launch
2024-09-19,1156,Germany,935221,Email,17928,122,0.025,03:00:00,Limited Offer
2024-09-20,3466,UK,966847,Influencer,43085,81,0.099,04:00:00,Discount Campaign
2024-09-21,8717,USA,720499,Email,15802,450,0.079,05:00:00,Discount Campaign
2024-09-22,4132,Japan,997356,Email,58222,77,0.076,06:00:00,Limited Offer
2024-09-23,7128,Japan,779011,Display,53412,314,0.143,07:00:00,New Product Launch
2024-09-24,4675,Japan,212156,Influencer,34007,42,0.059,08:00:00,Holiday Sale
2024-09-25,3261,Germany,696370,Search,41019,165,0.032,09:00:00,Holiday Sale
2024-09-26,7471,Canada,223729,Video,76964,476,0.119,10:00:00,Brand Awareness
2024-09-27,318,France,164933,Search,42812,477,0.088,11:00:00,Limited Offer
2024-09-28,8824,Japan,869685,Social Media,33015,213,0.174,12:00:00,Holiday Sale
2024-09-29,1288,Japan,277907,Search,53354,26,0.027,13:00:00,Holiday Sale
2024-09-30,6228,Canada,520702,Influencer,92121,35,0.17,14:00:00,Limited Offer
2024-10-01,1225,Canada,195834,Influencer,86561,89,0.105,15:00:00,Brand Awareness
2024-10-02,6924,UK,294664,Social Media,51649,392,0.184,16:00:00,New Product Launch
2024-10-03,6472,France,290284,Video,37150,326,0.058,17:00:00,Brand Awareness
2024-10-04,6464,Japan,963754,Search,51162,495,0.033,18:00:00,Holiday Sale
2024-10-05,9184,USA,405603,Video,31052,326,0.076,19:00:00,New Product Launch
2024-10-06,2750,Canada,602090,Search,99713,398,0.061,20:00:00,New Product Launch
2024-10-07,1505,Germany,573779,Social Media,20277,344,0.055,21:00:00,New Product Launch
2024-10-08,9964,Canada,953136,Display,34359,65,0.114,22:00:00,Holiday Sale
2024-10-09,9671,USA,265060,Social Media,80423,28,0.114,23:00:00,Discount Campaign
2024-10-10,1686,Australia,755600,Influencer,84481,105,0.13,00:00:00,Brand Awareness
2024-10-11,9073,USA,650863,Email,87384,54,0.088,01:00:00,Discount Campaign
2024-10-12,3328,France,748610,Social Media,91865,494,0.166,02:00:00,Brand Awareness
2024-10-13,9065,Canada,299004,Email,23692,291,0.067,03:00:00,New Product Launch
2024-10-14,4408,USA,435153,Search,51353,371,0.128,04:00:00,Discount Campaign
2024-10-15,4528,Canada,175218,Search,42270,443,0.039,05:00:00,Limited Offer
2024-10-16,4623,Canada,365600,Video,59444,194,0.045,06:00:00,Limited Offer
2024-10-17,6404,Canada,481611,Video,53790,420,0.174,07:00:00,Limited Offer
2024-10-18,9715,France,999029,Display,98030,151,0.175,08:00:00,New Product Launch
2024-10-19,3667,Germany,272609,Social Media,23956,177,0.137,09:00:00,Brand Awareness
2024-10-20,4524,France,607602,Video,71695,402,0.162,10:00:00,New Product Launch
2024-10-21,6570,Australia,382428,Social Media,60050,99,0.032,11:00:00,Holiday Sale
2024-10-22,7911,UK,773224,Social Media,49796,236,0.068,12:00:00,Holiday Sale
2024-10-23,8080,Germany,461973,Social Media,47320,499,0.109,13:00:00,Limited Offer
2024-10-24,9698,Canada,429763,Search,15666,258,0.04,14:00:00,New Product Launch
2024-10-25,1151,UK,644731,Search,26908,499,0.188,15:00:00,Discount Campaign
2024-10-26,213,Canada,232967,Influencer,48320,10,0.044,16:00:00,Holiday Sale
2024-10-27,2463,Canada,346151,Search,3893,132,0.11,17:00:00,Discount Campaign
2024-10-28,3346,Canada,550868,Influencer,44732,325,0.051,18:00:00,Holiday Sale
2024-10-29,3498,UK,617848,Display,86337,331,0.023,19:00:00,New Product Launch
2024-10-30,3944,UK,265811,Display,16491,471,0.156,20:00:00,Brand Awareness
2024-10-31,8330,Japan,329227,Search,42259,213,0.025,21:00:00,Discount Campaign
2024-11-01,3821,USA,683922,Video,91037,121,0.182,22:00:00,Brand Awareness
2024-11-02,5771,Japan,140196,Email,23602,203,0.059,23:00:00,Discount Campaign
2024-11-03,5648,Canada,176123,Influencer,34230,307,0.029,00:00:00,Holiday Sale
2024-11-04,318,Germany,427196,Search,38112,265,0.192,01:00:00,Discount Campaign
2024-11-05,8514,UK,402988,Email,92393,277,0.011,02:00:00,Discount Campaign
2024-11-06,5058,France,694499,Display,53865,153,0.08,03:00:00,Brand Awareness
2024-11-07,9773,France,971268,Video,6870,384,0.049,04:00:00,Brand Awareness
2024-11-08,1891,Japan,963363,Influencer,51461,409,0.123,05:00:00,Holiday Sale
2024-11-09,1560,Australia,694394,Search,18109,209,0.071,06:00:00,New Product Launch
2024-11-10,6071,Japan,716457,Search,76984,315,0.195,07:00:00,Holiday Sale
2024-11-11,288,Japan,694385,Email,41090,120,0.096,08:00:00,New Product Launch
2024-11-12,5298,France,107078,Display,6292,419,0.09,09:00:00,Discount Campaign
2024-11-13,3108,France,821651,Display,78419,37,0.113,10:00:00,New Product Launch
2024-11-14,9736,USA,404838,Display,33194,316,0.11,11:00:00,Discount Campaign
2024-11-15,4761,Canada,479214,Video,51578,226,0.167,12:00:00,Holiday Sale
2024-11-16,7956,Australia,945622,Search,82637,193,0.139,13:00:00,Limited Offer
2024-11-17,7996,Canada,399859,Display,89968,142,0.052,14:00:00,Brand Awareness
2024-11-18,6175,Australia,196030,Display,82343,243,0.152,15:00:00,Brand Awareness
2024-11-19,7773,Australia,417304,Influencer,33202,48,0.137,16:00:00,Holiday Sale
2024-11-20,8980,USA,580393,Display,40524,52,0.101,17:00:00,Discount Campaign
2024-11-21,6284,UK,155460,Display,67358,432,0.011,18:00:00,New Product Launch
2024-11-22,6219,Germany,575754,Search,59955,101,0.112,19:00:00,Brand Awareness
2024-11-23,5939,Germany,712767,Search,72620,311,0.143,20:00:00,Discount Campaign
2024-11-24,6369,UK,737008,Display,76090,36,0.079,21:00:00,Discount Campaign
2024-11-25,292,Germany,834593,Search,59994,243,0.112,22:00:00,Discount Campaign
2024-11-26,9244,France,870722,Influencer,72457,136,0.17,23:00:00,Limited Offer
2024-11-27,4835,Germany,803573,Email,94486,247,0.087,00:00:00,New Product Launch
2024-11-28,7789,Japan,671835,Video,56460,25,0.083,01:00:00,Holiday Sale
2024-11-29,1807,France,383030,Social Media,10898,265,0.156,02:00:00,Holiday Sale
2024-11-30,5544,Canada,906591,Search,54507,238,0.152,03:00:00,Discount Campaign
2024-12-01,1148,UK,735611,Email,78311,204,0.131,04:00:00,Holiday Sale
2024-12-02,816,Canada,911536,Search,98855,82,0.093,05:00:00,Limited Offer
2024-12-03,9481,UK,762154,Influencer,71298,334,0.067,06:00:00,New Product Launch
2024-12-04,7897,USA,188357,Search,44044,8,0.06,07:00:00,Limited Offer
2024-12-05,2505,Germany,650060,Display,94341,148,0.048,08:00:00,Brand Awareness
2024-12-06,5140,USA,754398,Video,72570,480,0.064,09:00:00,New Product Launch
2024-12-07,5725,Japan,596090,Influencer,76861,24,0.112,10:00:00,Brand Awareness
2024-12-08,5964,UK,780926,Influencer,58500,25,0.195,11:00:00,Limited Offer
2024-12-09,5262,UK,710608,Video,29594,415,0.126,12:00:00,Limited Offer
2024-12-10,8399,Germany,714558,Social Media,32541,152,0.082,13:00:00,Brand Awareness
2024-12-11,8549,France,599040,Email,48772,288,0.181,14:00:00,Discount Campaign
2024-12-12,3472,Germany,261133,Social Media,59181,149,0.133,15:00:00,Limited Offer
2024-12-13,5406,UK,493729,Search,54942,248,0.162,16:00:00,Limited Offer
2024-12-14,8127,USA,917092,Search,59039,82,0.122,17:00:00,Holiday Sale
2024-12-15,4876,Canada,528177,Email,7208,378,0.028,18:00:00,Discount Campaign
2024-12-16,9415,UK,674158,Influencer,10526,84,0.139,19:00:00,Limited Offer
2024-12-17,6111,Germany,959719,Display,42286,101,0.116,20:00:00,New Product Launch
2024-12-18,3186,UK,826445,Search,4582,24,0.067,21:00:00,Holiday Sale
2024-12-19,5625,UK,743431,Display,12696,330,0.041,22:00:00,Discount Campaign
2024-12-20,4247,Canada,458602,Video,76664,263,0.026,23:00:00,Holiday Sale
2024-12-21,6687,Australia,755550,Video,61162,101,0.19,00:00:00,Discount Campaign
2024-12-22,5433,Japan,996118,Video,22321,388,0.059,01:00:00,New Product Launch
2024-12-23,142,USA,450789,Display,37627,48,0.075,02:00:00,Holiday Sale
2024-12-24,6883,UK,330240,Email,80651,159,0.106,03:00:00,Discount Campaign
2024-12-25,3955,UK,991982,Social Media,75507,125,0.012,04:00:00,Brand Awareness
2024-12-26,6694,Japan,238065,Influencer,91723,382,0.167,05:00:00,New Product Launch
2024-12-27,7293,UK,399617,Search,54577,498,0.176,06:00:00,Discount Campaign
2024-12-28,7677,France,409810,Email,81123,472,0.099,07:00:00,Holiday Sale
2024-12-29,5004,Canada,617921,Search,34168,293,0.181,08:00:00,Discount Campaign
2024-12-30,3598,UK,626282,Social Media,26846,52,0.1,09:00:00,Brand Awareness
2024-12-31,1484,France,461863,Social Media,38106,49,0.08,10:00:00,Brand Awareness
2025-01-01,6166,UK,199989,Social Media,29882,193,0.089,11:00:00,Holiday Sale
2025-01-02,7371,Canada,457794,Social Media,94672,132,0.105,12:00:00,Discount Campaign
2025-01-03,7960,Germany,675120,Influencer,24296,275,0.015,13:00:00,New Product Launch
2025-01-04,9188,Canada,937496,Video,40258,227,0.194,14:00:00,Limited Offer
2025-01-05,1010,Japan,391001,Influencer,24977,105,0.035,15:00:00,Limited Offer
2025-01-06,9928,Germany,501644,Email,48907,189,0.094,16:00:00,New Product Launch
2025-01-07,6902,Japan,925239,Search,67088,280,0.2,17:00:00,Brand Awareness
2025-01-08,5550,Japan,628971,Search,62693,347,0.094,18:00:00,Discount Campaign
2025-01-09,5579,USA,498045,Influencer,95377,363,0.067,19:00:00,Discount Campaign
2025-01-10,2142,France,313471,Social Media,55721,198,0.108,20:00:00,Brand Awareness
2025-01-11,2387,France,816111,Display,68493,70,0.192,21:00:00,Limited Offer
2025-01-12,1695,Canada,806867,Email,23527,192,0.167,22:00:00,Limited Offer
2025-01-13,802,USA,316980,Display,65161,145,0.126,23:00:00,New Product Launch
2025-01-14,5850,Japan,328483,Video,34598,121,0.051,00:00:00,Limited Offer
2025-01-15,6727,Canada,866812,Influencer,56980,195,0.041,01:00:00,Brand Awareness
2025-01-16,6486,Germany,572067,Social Media,42412,346,0.151,02:00:00,New Product Launch
2025-01-17,6564,UK,517398,Video,71795,296,0.128,03:00:00,New Product Launch
2025-01-18,1796,USA,323317,Email,69378,0,0.093,04:00:00,Limited Offer
2025-01-19,3594,France,355365,Video,46411,318,0.116,05:00:00,Limited Offer
2025-01-20,5916,Germany,984044,Email,77963,127,0.097,06:00:00,Discount Campaign
2025-01-21,2962,Canada,359483,Display,33356,145,0.152,07:00:00,Discount Campaign
2025-01-22,5943,Australia,407542,Display,9118,399,0.179,08:00:00,Holiday Sale
2025-01-23,2000,USA,960442,Social Media,9374,324,0.194,09:00:00,Holiday Sale
2025-01-24,7668,Australia,483330,Influencer,34323,290,0.08,10:00:00,Limited Offer
2025-01-25,7261,UK,588468,Email,64599,487,0.078,11:00:00,Holiday Sale
2025-01-26,6589,Australia,169981,Video,98031,56,0.167,12:00:00,Limited Offer
2025-01-27,9933,Germany,710948,Email,67171,138,0.054,13:00:00,Limited Offer
2025-01-28,3163,Japan,282547,Social Media,54772,143,0.034,14:00:00,Holiday Sale
2025-01-29,3167,USA,536841,Influencer,36129,319,0.062,15:00:00,Holiday Sale
2025-01-30,6800,UK,341883,Video,70668,106,0.053,16:00:00,Discount Campaign
2025-01-31,9297,France,875480,Video,74214,104,0.074,17:00:00,Holiday Sale
2025-02-01,7151,France,347061,Display,5156,215,0.157,18:00:00,Brand Awareness
2025-02-02,1099,Japan,132944,Video,75640,337,0.194,19:00:00,Holiday Sale
2025-02-03,7890,USA,497990,Email,96945,256,0.135,20:00:00,New Product Launch
2025-02-04,1143,UK,767268,Search,52648,189,0.193,21:00:00,Brand Awareness
2025-02-05,7132,UK,494942,Video,16573,83,0.031,22:00:00,Discount Campaign
2025-02-06,372,Japan,375780,Video,88955,90,0.026,23:00:00,Discount Campaign
2025-02-07,1992,UK,849252,Influencer,79233,320,0.185,00:00:00,New Product Launch
2025-02-08,9737,Japan,533405,Influencer,13211,450,0.096,01:00:00,Brand Awareness
2025-02-09,1987,Canada,900179,Search,15867,100,0.051,02:00:00,Discount Campaign
2025-02-10,6712,USA,133113,Email,72628,13,0.197,03:00:00,Limited Offer
2025-02-11,7149,Japan,544083,Video,49609,234,0.177,04:00:00,Limited Offer
2025-02-12,3266,Germany,930267,Search,81356,492,0.187,05:00:00,Discount Campaign
2025-02-13,5280,Germany,343204,Social Media,19946,382,0.1,06:00:00,New Product Launch
2025-02-14,2126,Germany,628606,Social Media,89650,143,0.118,07:00:00,Discount Campaign
2025-02-15,4014,UK,571164,Search,22326,204,0.078,08:00:00,New Product Launch
2025-02-16,7080,USA,908135,Social Media,83375,18,0.129,09:00:00,New Product Launch
2025-02-17,135,Germany,667029,Search,63171,273,0.104,10:00:00,Brand Awareness
2025-02-18,2615,UK,927914,Search,99155,48,0.183,11:00:00,New Product Launch
2025-02-19,1785,France,470766,Video,98674,486,0.073,12:00:00,Limited Offer
2025-02-20,4988,Germany,805479,Email,70263,179,0.158,13:00:00,New Product Launch
2025-02-21,6966,Australia,638166,Social Media,61303,448,0.136,14:00:00,New Product Launch
2025-02-22,459,Germany,200285,Video,74019,76,0.191,15:00:00,Limited Offer
2025-02-23,528,Canada,655005,Social Media,79904,402,0.03,16:00:00,Discount Campaign
2025-02-24,9322,Japan,368697,Influencer,54122,209,0.026,17:00:00,New Product Launch
2025-02-25,9930,USA,414686,Search,18725,389,0.076,18:00:00,Brand Awareness
2025-02-26,7529,France,481690,Search,25705,46,0.095,19:00:00,Discount Campaign
2025-02-27,4117,Australia,896786,Display,35055,175,0.1,20:00:00,Brand Awareness
2025-02-28,193,Japan,651353,Social Media,71762,373,0.054,21:00:00,Limited Offer
2025-03-01,2223,USA,719363,Video,23305,251,0.146,22:00:00,Limited Offer
2025-03-02,946,Japan,509560,Video,40607,103,0.045,23:00:00,Holiday Sale
2025-03-03,5010,Germany,751140,Display,78135,462,0.185,00:00:00,Brand Awareness
2025-03-04,3202,USA,301485,Influencer,9031,241,0.197,01:00:00,New Product Launch
2025-03-05,8972,France,903630,Social Media,97799,71,0.089,02:00:00,Limited Offer
2025-03-06,3793,UK,792799,Video,66712,18,0.169,03:00:00,New Product Launch
2025-03-07,3354,Germany,377666,Search,1591,498,0.177,04:00:00,New Product Launch
2025-03-08,3437,Canada,684931,Video,41400,329,0.106,05:00:00,Discount Campaign
2025-03-09,5383,Canada,206327,Video,4468,334,0.149,06:00:00,Holiday Sale
2025-03-10,2930,USA,311735,Display,47695,370,0.107,07:00:00,Holiday Sale
2025-03-11,3466,Australia,563578,Video,4655,128,0.019,08:00:00,Limited Offer
2025-03-12,4853,Japan,768753,Email,97168,391,0.036,09:00:00,New Product Launch
2025-03-13,4338,Australia,178724,Influencer,69773,67,0.079,10:00:00,Holiday Sale
2025-03-14,8344,France,840049,Email,76096,68,0.078,11:00:00,Limited Offer
2025-03-15,5831,Germany,418840,Influencer,49462,401,0.097,12:00:00,Holiday Sale
2025-03-16,6544,Germany,506017,Email,57535,106,0.097,13:00:00,Brand Awareness
2025-03-17,4743,Canada,172803,Social Media,73435,71,0.091,14:00:00,Brand Awareness
2025-03-18,6074,Germany,227645,Video,15119,389,0.067,15:00:00,New Product Launch
2025-03-19,8950,Canada,916605,Social Media,99526,340,0.057,16:00:00,New Product Launch
2025-03-20,6903,France,842418,Display,86170,107,0.034,17:00:00,Limited Offer
2025-03-21,7452,France,145046,Social Media,20255,416,0.085,18:00:00,Brand Awareness
2025-03-22,3067,USA,509784,Search,22459,424,0.084,19:00:00,Holiday Sale
2025-03-23,2940,Germany,433660,Social Media,39553,425,0.193,20:00:00,Holiday Sale
2025-03-24,2711,Japan,312792,Video,27356,418,0.035,21:00:00,Discount Campaign
2025-03-25,1707,Japan,804978,Influencer,96278,217,0.136,22:00:00,New Product Launch
2025-03-26,9150,Japan,196798,Video,24065,84,0.021,23:00:00,Discount Campaign
2025-03-27,3254,Germany,114704,Email,82215,260,0.198,00:00:00,Limited Offer
2025-03-28,3333,Australia,848155,Email,63203,177,0.037,01:00:00,Discount Campaign
2025-03-29,6348,USA,758352,Social Media,95709,211,0.044,02:00:00,Limited Offer
2025-03-30,5902,France,346412,Display,26548,465,0.055,03:00:00,Limited Offer
2025-03-31,8761,USA,392350,Social Media,73239,190,0.016,04:00:00,New Product Launch
2025-04-01,3232,Canada,355638,Email,78078,345,0.128,05:00:00,Limited Offer
2025-04-02,4821,France,729891,Social Media,39083,458,0.066,06:00:00,Holiday Sale
2025-04-03,2332,France,147812,Search,9847,396,0.116,07:00:00,New Product Launch
2025-04-04,2762,Japan,641720,Social Media,52276,0,0.154,08:00:00,Brand Awareness
2025-04-05,6218,Japan,509963,Search,35710,459,0.118,09:00:00,Brand Awareness
2025-04-06,3072,USA,995223,Search,19781,273,0.187,10:00:00,Holiday Sale
2025-04-07,5785,USA,291880,Search,10157,241,0.156,11:00:00,New Product Launch
2025-04-08,3412,Australia,511796,Display,84351,177,0.09,12:00:00,New Product Launch
2025-04-09,7836,Japan,690490,Search,98772,88,0.114,13:00:00,Discount Campaign
2025-04-10,5287,USA,418014,Search,89930,475,0.046,14:00:00,Limited Offer
2025-04-11,9037,Australia,294140,Video,50072,465,0.125,15:00:00,Limited Offer
2025-04-12,3868,Canada,621599,Search,12862,229,0.124,16:00:00,Limited Offer
2025-04-13,2117,Japan,416287,Display,32211,145,0.144,17:00:00,Holiday Sale
2025-04-14,5493,UK,937245,Video,61312,479,0.074,18:00:00,Discount Campaign
2025-04-15,9801,UK,355019,Social Media,73592,311,0.153,19:00:00,Discount Campaign
2025-04-16,4937,Japan,668398,Search,71830,268,0.148,20:00:00,Brand Awareness
2025-04-17,5416,France,477177,Search,25220,312,0.027,21:00:00,New Product Launch
2025-04-18,3592,UK,442574,Search,20045,93,0.174,22:00:00,Limited Offer
2025-04-19,7829,Germany,983539,Video,87403,261,0.137,23:00:00,Holiday Sale
2025-04-20,7454,Australia,775754,Search,65056,285,0.143,00:00:00,Holiday Sale
2025-04-21,3023,Japan,293780,Email,67498,176,0.184,01:00:00,Limited Offer
2025-04-22,7077,USA,374936,Email,87645,31,0.013,02:00:00,Holiday Sale
2025-04-23,4742,Japan,498863,Video,58255,420,0.015,03:00:00,Holiday Sale
2025-04-24,4716,France,670977,Search,9521,376,0.164,04:00:00,Brand Awareness
2025-04-25,1831,UK,137784,Video,42529,426,0.041,05:00:00,Limited Offer
2025-04-26,9965,Germany,423217,Email,95178,464,0.059,06:00:00,New Product Launch
2025-04-27,7902,Germany,302176,Display,20198,311,0.187,07:00:00,Holiday Sale
2025-04-28,1942,USA,922878,Video,43918,453,0.087,08:00:00,Discount Campaign
2025-04-29,739,Australia,368738,Display,28559,54,0.136,09:00:00,Brand Awareness
2025-04-30,8050,France,929643,Email,42560,479,0.061,10:00:00,New Product Launch
2025-05-01,4107,Germany,558722,Video,6817,292,0.198,11:00:00,New Product Launch
2025-05-02,6699,Germany,994645,Display,76373,110,0.091,12:00:00,Brand Awareness
2025-05-03,6003,USA,883429,Display,1671,137,0.089,13:00:00,New Product Launch
2025-05-04,2882,Canada,742990,Influencer,97239,434,0.056,14:00:00,Holiday Sale
2025-05-05,7825,Australia,132825,Video,54083,361,0.085,15:00:00,Limited Offer
2025-05-06,7556,UK,940527,Social Media,95052,369,0.081,16:00:00,Discount Campaign
2025-05-07,5807,USA,590114,Search,25053,313,0.066,17:00:00,Brand Awareness
2025-05-08,7116,Australia,722366,Search,80533,262,0.145,18:00:00,Limited Offer
2025-05-09,5874,USA,909655,Email,76575,203,0.154,19:00:00,Limited Offer
2025-05-10,965,USA,369156,Video,40354,264,0.079,20:00:00,Holiday Sale
2025-05-11,769,France,388427,Display,33561,67,0.104,21:00:00,Discount Campaign
2025-05-12,3893,Germany,617820,Video,8691,269,0.047,22:00:00,New Product Launch
2025-05-13,7324,USA,718973,Influencer,3484,24,0.026,23:00:00,Limited Offer
2025-05-14,3098,France,547341,Search,51977,78,0.153,00:00:00,Limited Offer
2025-05-15,1929,Australia,314966,Email,66075,194,0.092,01:00:00,New Product Launch
2025-05-16,421,Japan,830513,Display,65882,425,0.119,02:00:00,Brand Awareness
2025-05-17,944,UK,841071,Video,52917,281,0.092,03:00:00,Brand Awareness
2025-05-18,1311,USA,929574,Email,1113,185,0.194,04:00:00,Holiday Sale
2025-05-19,3969,Japan,454571,Search,25336,66,0.196,05:00:00,Limited Offer
2025-05-20,4275,Japan,623555,Email,86358,237,0.031,06:00:00,Brand Awareness
2025-05-21,2489,USA,512412,Social Media,58137,333,0.165,07:00:00,Discount Campaign
2025-05-22,6996,Canada,900444,Influencer,12718,202,0.026,08:00:00,Brand Awareness
2025-05-23,7968,Japan,597183,Social Media,63283,476,0.194,09:00:00,New Product Launch
2025-05-24,4918,Germany,938019,Social Media,72312,465,0.014,10:00:00,New Product Launch
2025-05-25,2583,Germany,958206,Video,45550,289,0.04,11:00:00,Brand Awareness
2025-05-26,9056,Japan,212227,Video,5918,23,0.098,12:00:00,Holiday Sale
2025-05-27,1629,France,175765,Social Media,79771,76,0.16,13:00:00,Brand Awareness
2025-05-28,2911,USA,304502,Display,90074,376,0.044,14:00:00,Discount Campaign
2025-05-29,6576,UK,916048,Influencer,83363,308,0.146,15:00:00,Limited Offer
2025-05-30,2100,Australia,923026,Social Media,94125,164,0.124,16:00:00,Holiday Sale
2025-05-31,649,France,750968,Email,64552,497,0.021,17:00:00,Discount Campaign
2025-06-01,1971,Japan,314632,Search,47072,228,0.084,18:00:00,New Product Launch
2025-06-02,8112,Canada,496015,Search,10527,155,0.023,19:00:00,Brand Awareness
2025-06-03,4699,Germany,554395,Social Media,77148,241,0.083,20:00:00,New Product Launch
2025-06-04,781,Japan,658407,Video,68904,99,0.199,21:00:00,New Product Launch
2025-06-05,6972,Germany,646596,Display,89680,451,0.161,22:00:00,New Product Launch
2025-06-06,9165,Japan,188283,Email,38025,418,0.16,23:00:00,Holiday Sale
2025-06-07,3129,Canada,330645,Video,87716,374,0.062,00:00:00,Holiday Sale
2025-06-08,3550,UK,995590,Social Media,14754,431,0.156,01:00:00,Discount Campaign
2025-06-09,2539,Canada,118138,Influencer,23703,16,0.016,02:00:00,Brand Awareness
2025-06-10,7979,Germany,651349,Display,57722,308,0.123,03:00:00,Limited Offer
2025-06-11,6440,France,337251,Influencer,1349,108,0.091,04:00:00,New Product Launch
2025-06-12,3529,Germany,678644,Display,36883,495,0.163,05:00:00,Limited Offer
2025-06-13,5206,Japan,904745,Social Media,64475,153,0.102,06:00:00,New Product Launch
2025-06-14,8865,Germany,990996,Influencer,88627,175,0.136,07:00:00,New Product Launch
2025-06-15,4613,USA,608334,Video,25855,148,0.046,08:00:00,New Product Launch
2025-06-16,3588,Canada,974246,Influencer,45798,189,0.172,09:00:00,New Product Launch
2025-06-17,7252,Canada,669838,Search,16536,129,0.069,10:00:00,Limited Offer
2025-06-18,7674,Germany,215244,Display,32286,497,0.128,11:00:00,Limited Offer
2025-06-19,1541,Canada,490988,Search,5613,357,0.171,12:00:00,Limited Offer
2025-06-20,6590,USA,505138,Social Media,8578,417,0.132,13:00:00,Limited Offer
2025-06-21,6971,Australia,865213,Search,78482,395,0.117,14:00:00,Holiday Sale
2025-06-22,6194,USA,812522,Social Media,5415,291,0.058,15:00:00,Discount Campaign
2025-06-23,6423,France,646564,Social Media,84351,245,0.185,16:00:00,Discount Campaign
2025-06-24,2320,UK,707156,Social Media,48977,232,0.144,17:00:00,Brand Awareness
2025-06-25,763,Japan,248559,Social Media,67356,95,0.149,18:00:00,Discount Campaign
2025-06-26,796,USA,459715,Email,52425,322,0.078,19:00:00,Limited Offer
2025-06-27,4961,Canada,957068,Influencer,64243,92,0.198,20:00:00,Brand Awareness
2025-06-28,9936,Japan,386539,Social Media,57259,350,0.104,21:00:00,Discount Campaign
2025-06-29,8687,Australia,277135,Social Media,70580,222,0.169,22:00:00,Discount Campaign
2025-06-30,2946,Japan,307646,Influencer,53925,344,0.049,23:00:00,Limited Offer
2025-07-01,3721,Japan,522200,Video,45151,127,0.192,00:00:00,Discount Campaign
2025-07-02,9479,Australia,829034,Display,7123,495,0.152,01:00:00,New Product Launch
2025-07-03,1675,Japan,584572,Search,30787,126,0.073,02:00:00,Limited Offer
2025-07-04,124,Japan,916031,Email,80879,9,0.114,03:00:00,Limited Offer
2025-07-05,3495,Canada,489351,Search,89873,76,0.157,04:00:00,Holiday Sale
2025-07-06,8919,France,588771,Influencer,84044,380,0.087,05:00:00,Brand Awareness
2025-07-07,5375,USA,122212,Email,26772,208,0.129,06:00:00,Discount Campaign
2025-07-08,5188,France,669093,Influencer,28053,54,0.066,07:00:00,New Product Launch
2025-07-09,487,Australia,689596,Video,50065,134,0.022,08:00:00,Limited Offer
2025-07-10,3340,France,637021,Email,42394,150,0.131,09:00:00,Discount Campaign
2025-07-11,1162,Canada,375079,Search,28574,129,0.194,10:00:00,New Product Launch
2025-07-12,5563,UK,980505,Email,67524,455,0.081,11:00:00,New Product Launch
2025-07-13,4673,Germany,492716,Influencer,80683,36,0.165,12:00:00,Limited Offer
2025-07-14,7581,USA,822229,Display,70584,47,0.064,13:00:00,Discount Campaign
2025-07-15,6957,Canada,695259,Social Media,62314,37,0.169,14:00:00,New Product Launch
2025-07-16,2123,Australia,498822,Influencer,16090,34,0.187,15:00:00,Limited Offer
2025-07-17,3932,UK,955551,Video,99919,0,0.168,16:00:00,Limited Offer
2025-07-18,3557,France,333291,Search,44828,147,0.179,17:00:00,Limited Offer
2025-07-19,2461,Germany,712280,Search,59647,320,0.178,18:00:00,Holiday Sale
2025-07-20,566,UK,183935,Social Media,13436,46,0.034,19:00:00,Discount Campaign
2025-07-21,3551,France,711531,Display,4418,43,0.076,20:00:00,Limited Offer
2025-07-22,7973,France,528901,Influencer,66591,90,0.154,21:00:00,Holiday Sale
2025-07-23,4310,USA,865769,Social Media,89084,415,0.073,22:00:00,Holiday Sale
2025-07-24,1621,France,397829,Search,58307,250,0.059,23:00:00,Holiday Sale
2025-07-25,9576,USA,669687,Video,25141,329,0.146,00:00:00,Discount Campaign
2025-07-26,7476,Germany,110723,Influencer,67652,4,0.103,01:00:00,Discount Campaign
2025-07-27,7876,Japan,621016,Search,39757,260,0.012,02:00:00,Holiday Sale
2025-07-28,9613,Canada,452769,Social Media,29553,205,0.018,03:00:00,New Product Launch
2025-07-29,8775,USA,862353,Search,20673,322,0.013,04:00:00,Discount Campaign
2025-07-30,7695,USA,201295,Email,45593,409,0.117,05:00:00,New Product Launch
2025-07-31,2012,France,789722,Video,23947,303,0.16,06:00:00,Discount Campaign
2025-08-01,5964,UK,728093,Video,98752,152,0.098,07:00:00,New Product Launch
2025-08-02,2479,USA,326864,Social Media,11037,123,0.052,08:00:00,Discount Campaign
2025-08-03,1506,France,747196,Display,27927,255,0.041,09:00:00,New Product Launch
2025-08-04,5224,Japan,559761,Display,53880,393,0.075,10:00:00,New Product Launch
2025-08-05,1669,Australia,786853,Social Media,89018,430,0.157,11:00:00,Limited Offer
2025-08-06,3929,Australia,195296,Social Media,84357,391,0.126,12:00:00,Limited Offer
2025-08-07,7534,Germany,797389,Video,36234,396,0.01,13:00:00,Limited Offer
2025-08-08,1067,Japan,291780,Display,15102,135,0.19,14:00:00,New Product Launch
2025-08-09,7704,Australia,885216,Email,60218,58,0.079,15:00:00,Limited Offer
2025-08-10,439,USA,175729,Search,34589,408,0.167,16:00:00,Limited Offer
2025-08-11,4166,Japan,168139,Email,8546,371,0.169,17:00:00,Discount Campaign
2025-08-12,9814,Germany,670774,Search,46216,122,0.182,18:00:00,Holiday Sale
2025-08-13,226,Japan,366414,Social Media,98764,146,0.09,19:00:00,Holiday Sale
2025-08-14,9470,Germany,870501,Email,24471,168,0.173,20:00:00,Discount Campaign
2025-08-15,2067,Australia,917276,Video,32116,286,0.141,21:00:00,Holiday Sale
2025-08-16,9957,Germany,668459,Video,56108,245,0.035,22:00:00,New Product Launch
2025-08-17,6104,Japan,431463,Social Media,81593,7,0.135,23:00:00,Holiday Sale
2025-08-18,2691,France,962478,Influencer,19003,439,0.177,00:00:00,Holiday Sale
2025-08-19,4106,UK,482323,Display,61324,34,0.016,01:00:00,Holiday Sale
2025-08-20,3906,Germany,566443,Influencer,63180,169,0.148,02:00:00,Limited Offer
2025-08-21,7832,USA,833206,Video,26853,398,0.087,03:00:00,New Product Launch
2025-08-22,422,USA,713636,Email,47431,385,0.132,04:00:00,Limited Offer
2025-08-23,8658,UK,694088,Display,23259,402,0.15,05:00:00,Discount Campaign
2025-08-24,7009,Canada,825026,Influencer,61194,316,0.028,06:00:00,Holiday Sale
2025-08-25,5255,UK,290729,Video,1492,20,0.191,07:00:00,Holiday Sale
2025-08-26,2650,France,889589,Influencer,62220,56,0.064,08:00:00,Discount Campaign
2025-08-27,1636,USA,825726,Email,46269,239,0.095,09:00:00,Discount Campaign
2025-08-28,5885,USA,885706,Social Media,31022,333,0.081,10:00:00,New Product Launch
2025-08-29,1841,UK,842409,Influencer,8372,433,0.114,11:00:00,New Product Launch
2025-08-30,8890,UK,436874,Display,90517,452,0.135,12:00:00,Brand Awareness
2025-08-31,9102,Germany,313247,Video,32006,112,0.011,13:00:00,New Product Launch
2025-09-01,6310,UK,527150,Search,41783,395,0.03,14:00:00,New Product Launch
2025-09-02,4408,France,116767,Email,14909,10,0.192,15:00:00,Brand Awareness
2025-09-03,5508,Japan,179972,Influencer,55135,186,0.046,16:00:00,Limited Offer
2025-09-04,8006,Canada,303744,Social Media,49361,126,0.185,17:00:00,Limited Offer
2025-09-05,5612,USA,527926,Video,74454,386,0.062,18:00:00,Holiday Sale
2025-09-06,2260,Canada,424976,Video,58223,436,0.082,19:00:00,Limited Offer
2025-09-07,616,France,591093,Video,31097,282,0.195,20:00:00,Holiday Sale
2025-09-08,6938,Japan,126894,Social Media,18487,127,0.113,21:00:00,Discount Campaign
2025-09-09,7045,Australia,765626,Social Media,52483,233,0.03,22:00:00,Discount Campaign
2025-09-10,2697,Germany,957053,Social Media,12923,465,0.053,23:00:00,Holiday Sale
2025-09-11,9915,UK,384038,Search,68972,54,0.095,00:00:00,Holiday Sale
2025-09-12,640,Australia,233252,Social Media,86074,409,0.153,01:00:00,New Product Launch
2025-09-13,3468,USA,473169,Search,19215,267,0.035,02:00:00,Brand Awareness
2025-09-14,2868,UK,476443,Display,25822,353,0.035,03:00:00,Holiday Sale
2025-09-15,3443,Canada,242008,Influencer,26277,438,0.075,04:00:00,Discount Campaign
2025-09-16,3164,Germany,428222,Video,25497,7,0.067,05:00:00,New Product Launch
2025-09-17,6822,Germany,977062,Video,76117,305,0.178,06:00:00,Discount Campaign
2025-09-18,470,France,852619,Search,4331,216,0.142,07:00:00,Brand Awareness
2025-09-19,1347,Canada,617009,Video,48314,233,0.141,08:00:00,New Product Launch
2025-09-20,5466,USA,598344,Video,67180,314,0.025,09:00:00,Discount Campaign
2025-09-21,1079,Japan,795044,Display,25862,329,0.026,10:00:00,Holiday Sale
2025-09-22,2517,Japan,393589,Video,88224,137,0.115,11:00:00,Discount Campaign
2025-09-23,3188,USA,922051,Search,19259,227,0.147,12:00:00,Limited Offer
2025-09-24,1315,USA,505421,Social Media,90716,87,0.115,13:00:00,Holiday Sale
2025-09-25,456,Germany,760555,Influencer,59215,346,0.151,14:00:00,Discount Campaign
2025-09-26,4406,Japan,644080,Email,64000,169,0.029,15:00:00,Holiday Sale
